Vegetation Type;BOUT ID;Date;Start;Species;Total grams per 30 min bout;Foragers;Grams/Forager Hr;Kcal/g;Source;n;return(400);return(300);return(240);return(180)
Dune fynbos-thicket mos.;4;13 December 2014;0,478472222;Carpobrotus acinaciformis;342;2;341.5;0.6408;Sp;1;219;167,2148922;132,1155943;93,99512162
Dune fynbos-thicket mos.;5;13 December 2014;0,509027778;Carpobrotus acinaciformis;467;2;466.8;0.6408;Sp;1;299;228,2979578;180,3769986;128,3312391
Dune fynbos-thicket mos.;9;14 December 2014;0,568055556;Carpobrotus acinaciformis;188;2;187.9;0.6408;Sp;1;120;91,62459844;72,39210647;51,50417623
Dune fynbos-thicket mos.;9;14 December 2014;0,568055556;Carpobrotus edulis;203;2;202.7;0.2555;Sp;1;52;39,70399266;31,3699128;22,31847637
Dune fynbos-thicket mos.;10;14 December 2014;0,611111111;Carpobrotus acinaciformis;34;1;67.4;0.6408;Sp;1;43;32,83214777;25,94050482;18,45566315
Dune fynbos-thicket mos.;10;14 December 2014;0,611111111;Carpobrotus edulis;1027;2;1027.2;0.2555;Sp;1;262;200,0470399;158,0560991;112,4507848
Dune fynbos-thicket mos.;33;15 February 2015;0,4875;Carpobrotus edulis;1660;2;1659.7;0.2555;Sp;1;424;323,7402478;255,7854429;181,9814227
Dune fynbos-thicket mos.;35;15 February 2015;0,411111111;Carpobrotus acinaciformis;228;2;227.7;0.6408;Sp;1;146;111,4765948;88,07706287;62,66341441
Dune fynbos-thicket mos.;50;13 May 2015;0,348611111;Chasmanthe aethiopica;93;2;93.0;0.4720;Sp;1;44;33,59568609;26,54377237;18,88486462
Dune fynbos-thicket mos.;50;13 May 2015;0,348611111;Lauridia tetragona;32;2;32.2;NA;NA;NA;0;0;0;0
Dune fynbos-thicket mos.;57;28 May 2015;0,522222222;Cynanchum obtusifolium;425;2;424.6;0.7343;Sp;1;312;238,2239559;188,2194768;133,9108582
Dune fynbos-thicket mos.;57;28 May 2015;0,522222222;Osyris compressa;22;1;43.5;NA;NA;NA;0;0;0;0
Dune fynbos-thicket mos.;65;08 June 2015;0,563194444;Olea europaea subsp africana;403;2;402.8;NA;NA;NA;0;0;0;0
Dune fynbos-thicket mos.;78;17 June 2015;0,588194444;Conicosia pugioniformis;898;2;898.1;0.1558;Sp;1;140;106,8953648;84,45745755;60,0882056
Dune fynbos-thicket mos.;79;17 June 2015;0,624305556;Pelargonium triste;291;2;290.3;0.6182;Sp;3;179;136,6733593;107,9848922;76,82706287
Dune fynbos-thicket mos.;80;17 June 2015;0,666666667;Pelargonium lobatum;154;2;154.2;0.3280;Sp;1;51;38,94045434;30,76664525;21,8892749
Dune fynbos-thicket mos.;80;17 June 2015;0,666666667;Pelargonium triste;243;2;242.7;0.6182;Sp;3;150;114,530748;90,49013309;64,38022028
Dune fynbos-thicket mos.;97;11 July 2015;0,449305556;Conicosia pugioniformis;496;2;496.2;0.1558;Sp;1;77;58,79245067;46,45160165;33,04851308
Dune fynbos-thicket mos.;97;11 July 2015;0,449305556;Pelargonium triste;81;2;80.3;0.6182;Sp;3;50;38,17691602;30,1633777;21,46007343
Dune fynbos-thicket mos.;98;11 July 2015;0,486111111;Zero;0;1;0;0;Sp;1;0;0;0;0
Dune fynbos-thicket mos.;99;11 July 2015;0,513888889;Ferraria crispa;71;2;70.3;0.7472;Sp;1;53;40,46753098;31,97318036;22,74767783
Dune fynbos-thicket mos.;99;11 July 2015;0,513888889;Trachyandra divaricata;354;2;353.8;0.2181;Gen;1;77;58,79245067;46,45160165;33,04851308
Dune fynbos-thicket mos.;111;25 August 2015;0,516666667;Pelargonium lobatum;21;1;40.8;0.328;Sp;1;13;9,925998164;7,842478201;5,579619091
Dune fynbos-thicket mos.;111;25 August 2015;0,516666667;Pelargonium triste;9;1;18.1;0.6182;Sp;3;11;8,398921524;6,635943093;4,721216154
Dune fynbos-thicket mos.;112;25 August 2015;0,517361111;Zero;0;2;0;0;Sp;1;0;0;0;0
Dune fynbos-thicket mos.;113;25 August 2015;0,610416667;Pelargonium lobatum;551;3;367.4;0.3280;Sp;1;121;92,38813676;72,99537402;51,9333777
Dune fynbos-thicket mos.;113;25 August 2015;0,610416667;Pelargonium triste;488;2;487.6;0.6182;Sp;3;301;229,8250344;181,5835337;129,189642
Dune fynbos-thicket mos.;116;26 August 2015;0,453472222;Chasmanthe aethiopica;824;3;548.8;0.4720;Sp;1;259;197,756425;156,2462965;111,1631804
Dune fynbos-thicket mos.;117;26 August 2015;0,616666667;Microloma sagittatum;16;1;31.8;0.6006;Sp;1;19;14,50722809;11,46208352;8,154827903
Dune fynbos-thicket mos.;117;26 August 2015;0,616666667;Zero;0;1;0;0;Sp;1;0;0;0;0
Dune fynbos-thicket mos.;118;26 August 2015;0,663194444;Osyris compressa;5;1;9.1;NA;NA;NA;0;0;0;0
Dune fynbos-thicket mos.;118;26 August 2015;0,663194444;Zero;0;2;0;0;Sp;1;0;0;0;0
Dune fynbos-thicket mos.;126;05 October 2015;0,517361111;Chasmanthe aethiopica;130;2;129.3;0.472;Sp;1;61;46,57583754;36,79932079;26,18128958
Dune fynbos-thicket mos.;127;05 October 2015;0,651388889;Carissa bispinosa;12;1;22.7;0.4156;Gen;1;9;6,871844883;5,429407985;3,862813217
Dune fynbos-thicket mos.;127;05 October 2015;0,651388889;Pelargonium lobatum;297;1;594.2;0.3280;Sp;1;195;148,8899725;117,637173;83,69428637
Dune fynbos-thicket mos.;127;05 October 2015;0,651388889;Wachendorfia paniculata;96;2;95.3;2.0897;Gen;1;199;151,9441257;120,0502432;85,41109224
Dune fynbos-thicket mos.;135;07 October 2015;0,495138889;Cynanchum obtusifolium;7;1;13.6;0.7343;Sp;1;10;7,635383203;6,032675539;4,292014686
Dune fynbos-thicket mos.;135;07 October 2015;0,495138889;Muraltia spinosa;7;1;13.6;0.2666;Sp;1;4;3,054153281;2,413070216;1,716805874
Dune fynbos-thicket mos.;135;07 October 2015;0,495138889;Pelargonium lobatum;322;2;322.1;0.3280;Sp;1;106;80,93506196;63,94636072;45,49535567
Dune fynbos-thicket mos.;135;07 October 2015;0,495138889;Pelargonium triste;213;2;213.2;0.6182;Sp;3;132;100,7870583;79,63131712;56,65459385
Dune fynbos-thicket mos.;140;06 November 2015;0,475;Pelargonium triste;143;2;142.9;0.6182;Sp;3;88;67,19137219;53,08754475;37,76972923
Dune fynbos-thicket mos.;141;06 November 2015;0,546527778;Lauridia tetragona;50;1;99.8;NA;NA;NA;0;0;0;0
Dune fynbos-thicket mos.;141;06 November 2015;0,546527778;Osteospermum monilifera;5;1;9.1;NA;NA;NA;0;0;0;0
Dune fynbos-thicket mos.;141;06 November 2015;0,546527778;Searsia glauca;50;2;49.9;NA;NA;NA;0;0;0;0
Dune fynbos-thicket mos.;142;06 November 2015;0,388888889;Carissa bispinosa;377;2;376.5;0.4156;Gen;1;156;119,111978;94,10973841;66,9554291
Dune fynbos-thicket mos.;142;06 November 2015;0,388888889;Diospyros dichrophylla;982;2;982.0;NA;NA;NA;0;0;0;0
Dune fynbos-thicket mos.;162;07 December 2015;0,485416667;Carpobrotus acinaciformis;141;2;140.6;0.6408;Sp;1;90;68,71844883;54,29407985;38,62813217
Dune fynbos-thicket mos.;162;07 December 2015;0,485416667;Carpobrotus edulis;57;1;113.4;0.2555;Sp;1;29;22,14261129;17,49475906;12,44684259
Dune fynbos-thicket mos.;162;07 December 2015;0,485416667;Chasmanthe aethiopica;198;2;197.3;0.4720;Sp;1;93;71,00906379;56,10388251;39,91573658
Dune fynbos-thicket mos.;162;07 December 2015;0,485416667;Conicosia pugioniformis;7;1;13.6;0.1558;Sp;1;2;1,527076641;1,206535108;0,858402937
Dune fynbos-thicket mos.;163;07 December 2015;0,520833333;Carpobrotus edulis;159;2;158.8;0.2555;Sp;1;41;31,30507113;24,73396971;17,59726021
Dune fynbos-thicket mos.;163;07 December 2015;0,520833333;Conicosia pugioniformis;220;2;220.1;0.1558;Sp;1;34;25,96030289;20,51109683;14,59284993
Dune fynbos-thicket mos.;164;07 December 2015;0,5625;Chasmanthe aethiopica;170;2;170.1;0.4720;Sp;1;80;61,08306563;48,26140431;34,33611749
Dune fynbos-thicket mos.;164;07 December 2015;0,5625;Cynanchum obtusifolium;6;1;12.2;0.7343;Sp;1;9;6,871844883;5,429407985;3,862813217
Dune fynbos-thicket mos.;165;07 December 2015;0,6;Conicosia pugioniformis;52;1;104.3;0.1558;Sp;1;16;12,21661313;9,652280863;6,867223497
Dune fynbos-thicket mos.;165;07 December 2015;0,6;Ferraria crispa;25;1;49.9;0.7472;Sp;1;37;28,25091785;22,3208995;15,88045434
Dune fynbos-thicket mos.;165;07 December 2015;0,6;Pelargonium triste;130;1;258.5;0.6182;Sp;3;160;122,1661313;96,52280863;68,67223497
Dune fynbos-thicket mos.;165;07 December 2015;0,6;Zero;0;1;0;0;Sp;1;0;0;0;0
Dune fynbos-thicket mos.;187;18 January 2016;0,417361111;Carpobrotus acinaciformis;27;1;52.5;0.6408;Sp;1;34;25,96030289;20,51109683;14,59284993
Dune fynbos-thicket mos.;187;18 January 2016;0,417361111;Carpobrotus edulis;1570;2;1569.4;0.2555;Sp;1;401;306,1788665;241,9102891;172,1097889
Dune fynbos-thicket mos.;187;18 January 2016;0,417361111;Conicosia pugioniformis;154;2;154.2;0.1558;Sp;1;24;18,32491969;14,47842129;10,30083525
Dune fynbos-thicket mos.;188;18 January 2016;0,461805556;Carpobrotus acinaciformis;66;2;66;0.6408;Sp;1;42;32,06860945;25,33723726;18,02646168
Dune fynbos-thicket mos.;189;18 January 2016;0,485416667;Diospyros dichrophylla;179;2;178.6;NA;NA;NA;0;0;0;0
Dune fynbos-thicket mos.;190;18 January 2016;0,338194444;Carpobrotus acinaciformis;59;2;59.0;0.6408;Sp;1;38;29,01445617;22,92416705;16,30965581
Dune fynbos-thicket mos.;191;18 January 2016;0,379166667;Carpobrotus acinaciformis;423;2;422.3;0.6408;Sp;1;271;206,9188848;163,4855071;116,313598
Dune fynbos-thicket mos.;191;18 January 2016;0,379166667;Conicosia pugioniformis;80;2;79.4;0.1558;Sp;1;12;9,162459844;7,239210647;5,150417623
Dune fynbos-thicket mos.;209;22 February 2016;0,507638889;Carpobrotus acinaciformis;313;2;312.5;0.6408;Sp;1;200;152,7076641;120,6535108;85,84029371
Dune fynbos-thicket mos.;209;22 February 2016;0,507638889;Carpobrotus edulis;69;2;68.7;0.2555;Sp;1;18;13,74368977;10,85881597;7,725626434
Dune fynbos-thicket mos.;210;22 February 2016;0,547916667;Carpobrotus acinaciformis;72;2;72.1;0.6408;Sp;1;46;35,12276274;27,75030748;19,74326755
Dune fynbos-thicket mos.;210;22 February 2016;0,547916667;Cynanchum obtusifolium;24;2;24.0;0.7343;Sp;1;18;13,74368977;10,85881597;7,725626434
Dune fynbos-thicket mos.;210;22 February 2016;0,547916667;Grewia occidentalis;7;1;13.6;NA;NA;NA;0;0;0;0
Dune fynbos-thicket mos.;214;23 February 2016;0,507638889;Zero;0;2;0;0;Sp;1;0;0;0;0
Dune fynbos-thicket mos.;215;23 February 2016;0,565972222;Carpobrotus edulis;362;2;361.7;0.2555;Sp;1;92;70,24552547;55,50061496;39,48653511
Dune fynbos-thicket mos.;233;08 March 2016;0,619444444;Zero;0;2;0;0;Sp;1;0;0;0;0
Dune fynbos-thicket mos.;235;09 March 2016;0,594444444;Cynanchum obtusifolium;9;2;8.5;0.7343;Sp;1;6;4,581229922;3,619605324;2,575208811
Dune fynbos-thicket mos.;235;09 March 2016;0,594444444;Tetragonia decumbens;1960;2;1959.5;0.0830;Sp;1;163;124,4567462;98,33261129;69,95983938
Dune fynbos-thicket mos.;236;09 March 2016;0,648611111;Carpobrotus acinaciformis;270;2;270.1;0.6408;Sp;1;173;132,0921294;104,3652868;74,25185406
Dune fynbos-thicket mos.;236;09 March 2016;0,648611111;Carpobrotus edulis;66;2;65.3;0.2555;Sp;1;17;12,98015145;10,25554842;7,296424966
Dune fynbos-thicket mos.;244;04 April 2016;0,433333333;Chasmanthe aethiopica;21;2;20.4;0.4720;Sp;1;10;7,635383203;6,032675539;4,292014686
Dune fynbos-thicket mos.;244;04 April 2016;0,433333333;Conicosia pugioniformis;279;2;279.0;0.1558;Sp;1;43;32,83214777;25,94050482;18,45566315
Dune fynbos-thicket mos.;245;04 April 2016;0,478472222;Chasmanthe aethiopica;449;2;449.1;0.4720;Sp;1;212;161,8701239;127,8927214;90,99071134
Dune fynbos-thicket mos.;246;04 April 2016;0,516666667;Chasmanthe aethiopica;25;2;24.9;0.4720;Sp;1;12;9,162459844;7,239210647;5,150417623
Dune fynbos-thicket mos.;247;04 April 2016;0,588194444;Chasmanthe aethiopica;141;2;140.6;0.4720;Sp;1;66;50,39352914;39,81565856;28,32729693
Dune fynbos-thicket mos.;247;04 April 2016;0,588194444;Diospyros dichrophylla;17;1;33.1;NA;NA;NA;0;0;0;0
Dune fynbos-thicket mos.;248;04 April 2016;0,631944444;Chasmanthe aethiopica;30;1;59.0;0.4720;Sp;1;28;21,37907297;16,89149151;12,01764112
Dune fynbos-thicket mos.;248;04 April 2016;0,631944444;Conicosia pugioniformis;68;2;68.0;0.1558;Sp;1;11;8,398921524;6,635943093;4,721216154
Dune fynbos-thicket mos.;268;09 May 2016;0,454861111;Conicosia pugioniformis;597;2;596.5;0.1558;Sp;1;93;71,00906379;56,10388251;39,91573658
Dune fynbos-thicket mos.;269;09 May 2016;0,497916667;Chasmanthe aethiopica;23;1;45.4;0.4720;Sp;1;21;16,03430473;12,66861863;9,01323084
Dune fynbos-thicket mos.;269;09 May 2016;0,497916667;Pelargonium triste;309;2;308.4;0.6182;Sp;3;191;145,8358192;115,2241028;81,9774805
Dune fynbos-thicket mos.;270;09 May 2016;0,590277778;Tetragonia decumbens;1554;2;1553.6;0.0830;Sp;1;129;98,49644332;77,82151446;55,36698944
Dune fynbos-thicket mos.;277;10 May 2016;0,402777778;Cassine peragua;14;2;13.6;NA;NA;NA;0;0;0;0
Dune fynbos-thicket mos.;277;10 May 2016;0,402777778;Cynanchum obtusifolium;49;2;48.4;0.7343;Sp;1;36;27,48737953;21,71763194;15,45125287
Dune fynbos-thicket mos.;277;10 May 2016;0,402777778;Lauridia tetragona;21;2;20.4;NA;NA;NA;0;0;0;0
Dune fynbos-thicket mos.;280;11 May 2016;0,670138889;Cyphia digitata;59;1;117.9;0.2978;Sp;1;35;26,72384121;21,11436439;15,0220514
Dune fynbos-thicket mos.;280;11 May 2016;0,670138889;Pelargonium triste;1973;2;1973.1;0.6182;Sp;3;1220;931,5167508;735,9864158;523,6257916
Dune fynbos-thicket mos.;288;13 May 2016;0,502777778;Tetragonia decumbens;665;2;664.5;0.0830;Sp;1;55;41,99460762;33,17971547;23,60608077
Dune fynbos-thicket mos.;289;13 May 2016;0,538888889;Cyphia digitata;472;2;471.7;0.2978;Sp;1;140;106,8953648;84,45745755;60,0882056
Dune fynbos-thicket mos.;290;13 May 2016;0,568055556;Cyphia digitata;179;2;179.2;0.2978;Sp;1;53;40,46753098;31,97318036;22,74767783
Dune fynbos-thicket mos.;290;13 May 2016;0,568055556;Pelargonium rapaceum;232;2;231.3;0.3424;Sp;2;79;60,31952731;47,65813676;33,90691602
Dune fynbos-thicket mos.;296;14 June 2016;0,442361111;Pelargonium lobatum;1182;2;1181.6;0.3280;Sp;1;388;296,2528683;234,0678109;166,5301698
Dune fynbos-thicket mos.;296;14 June 2016;0,442361111;Pelargonium triste;191;2;190.5;0.6182;Sp;3;118;90,0975218;71,18557136;50,64577329
Dune fynbos-thicket mos.;297;14 June 2016;0,488194444;Tetragonia decumbens;635;2;635.0;0.0830;Sp;1;53;40,46753098;31,97318036;22,74767783
Dune fynbos-thicket mos.;297;14 June 2016;0,488194444;Trachyandra divaricata;41;2;40.8;0.2181;Gen;1;9;6,871844883;5,429407985;3,862813217
Dune fynbos-thicket mos.;298;14 June 2016;0,551388889;Conicosia pugioniformis;606;2;605.5;0.1558;Sp;1;94;71,77260211;56,70715007;40,34493804
Dune fynbos-thicket mos.;299;14 June 2016;0,590277778;Lauridia tetragona;7;1;13.6;NA;NA;NA;0;0;0;0
Dune fynbos-thicket mos.;299;14 June 2016;0,590277778;Microloma sagittatum;11;2;10.9;0.6006;Sp;1;7;5,344768242;4,222872877;3,00441028
Dune fynbos-thicket mos.;300;14 June 2016;0,389583333;Chasmanthe aethiopica;134;2;133.8;0.4720;Sp;1;63;48,10291418;38,0058559;27,03969252
Dune fynbos-thicket mos.;311;11 July 2016;0,430555556;Cyphia digitata;100;2;99.8;0.2978;Sp;1;30;22,90614961;18,09802662;12,87604406
Dune fynbos-thicket mos.;311;11 July 2016;0,430555556;Eriospermum paradoxum;7;1;13.6;0.1849;Gen;1;3;2,290614961;1,809802662;1,287604406
Dune fynbos-thicket mos.;311;11 July 2016;0,430555556;Ferraria crispa;12;1;22.7;0.7472;Sp;1;17;12,98015145;10,25554842;7,296424966
Dune fynbos-thicket mos.;311;11 July 2016;0,430555556;Pelargonium lobatum;209;2;208.7;0.3280;Sp;1;68;51,92060578;41,02219367;29,18569986
Dune fynbos-thicket mos.;312;11 July 2016;0,465277778;Tetragonia decumbens;1379;2;1378.9;0.0830;Sp;1;114;87,04336852;68,77250115;48,92896742
Dune fynbos-thicket mos.;317;12 July 2016;0,440972222;Conicosia pugioniformis;1209;2;1208.8;0.1558;Sp;1;188;143,5452042;113,4143001;80,68987609
Dune fynbos-thicket mos.;318;12 July 2016;0,488888889;Chasmanthe aethiopica;472;2;471.7;0.4720;Sp;1;223;170,2690454;134,5286645;95,71192749
Dune fynbos-thicket mos.;334;15 July 2016;0,417361111;Conicosia pugioniformis;710;2;709.9;0.1558;Sp;1;111;84,75275356;66,96269849;47,64136301
Dune fynbos-thicket mos.;335;15 July 2016;0,455555556;Babiana ambigua;21;2;20.4;1.0744;Sp;1;22;16,79784305;13,27188619;9,442432308
Dune fynbos-thicket mos.;335;15 July 2016;0,455555556;Conicosia pugioniformis;71;2;70.3;0.1558;Sp;1;11;8,398921524;6,635943093;4,721216154
Dune fynbos-thicket mos.;335;15 July 2016;0,455555556;Ferraria crispa;32;1;63.5;0.7472;Sp;1;47;35,88630106;28,35357503;20,17246902
Dune fynbos-thicket mos.;335;15 July 2016;0,455555556;Pelargonium lobatum;116;2;115.7;0.3280;Sp;1;38;29,01445617;22,92416705;16,30965581
Dune fynbos-thicket mos.;336;15 July 2016;0,505555556;Ferraria crispa;61;2;61.2;0.7472;Sp;1;46;35,12276274;27,75030748;19,74326755
Dune fynbos-thicket mos.;338;15 July 2016;0,375;Babiana ambigua;16;2;15.9;1.0744;Sp;1;17;12,98015145;10,25554842;7,296424966
Dune fynbos-thicket mos.;338;15 July 2016;0,375;Pelargonium lobatum;61;1;122.5;0.3280;Sp;1;40;30,54153281;24,13070216;17,16805874
Dune fynbos-thicket mos.;338;15 July 2016;0,375;Pelargonium triste;456;2;455.9;0.6182;Sp;3;282;215,3178063;170,1214502;121,0348141
Dune fynbos-thicket mos.;355;11 August 2016;0,425;Tetragonia decumbens;1239;2;1238.3;0.0830;Sp;1;103;78,64444699;62,13655805;44,20775126
Dune fynbos-thicket mos.;356;11 August 2016;0,459722222;Babiana ambigua;109;2;108.9;1.0744;Sp;1;117;89,33398348;70,58230381;50,21657182
Dune fynbos-thicket mos.;357;11 August 2016;0,49375;Pelargonium lobatum;1769;2;1769;0.3280;Sp;1;580;442,8522258;349,8951813;248,9368518
Dune fynbos-thicket mos.;363;12 August 2016;0,556944444;Conicosia pugioniformis;114;2;113.4;0.1558;Sp;1;18;13,74368977;10,85881597;7,725626434
Dune fynbos-thicket mos.;363;12 August 2016;0,556944444;Trachyandra ciliata;132;2;131.5;0.2181;Sp;1;29;22,14261129;17,49475906;12,44684259
Dune fynbos-thicket mos.;364;12 August 2016;0,585416667;Pelargonium lobatum;540;2;539.8;0.3280;Sp;1;177;135,1462827;106,778357;75,96865994
Dune fynbos-thicket mos.;364;12 August 2016;0,585416667;Pelargonium triste;123;2;122.5;0.6182;Sp;3;76;58,02891235;45,8483341;32,61931161
Dune fynbos-thicket mos.;365;12 August 2016;0,625694444;Microloma sagittatum;11;1;21.8;0.6006;Sp;1;13;9,925998164;7,842478201;5,579619091
Dune fynbos-thicket mos.;365;12 August 2016;0,625694444;Pelargonium triste;620;2;619.6;0.6182;Sp;3;383;292,4351767;231,0514732;164,3841625
Dune fynbos-thicket mos.;365;12 August 2016;0,625694444;Trachyandra ciliata;123;2;122.5;0.2181;Sp;1;27;20,61553465;16,28822396;11,58843965
Dune fynbos-thicket mos.;368;01 September 2016;0,421527778;Babiana patula;18;1;36.3;1.0239;Gen;3;37;28,25091785;22,3208995;15,88045434
Dune fynbos-thicket mos.;368;01 September 2016;0,421527778;Chasmanthe aethiopica;154;2;154.2;0.472;Sp;1;73;55,73829738;44,03853144;31,33170721
Dune fynbos-thicket mos.;368;01 September 2016;0,421527778;Pelargonium lobatum;318;2;317.5;0.328;Sp;1;104;79,40798531;62,73982561;44,63695273
Dune fynbos-thicket mos.;368;01 September 2016;0,421527778;Pelargonium triste;327;2;326.6;0.6182;Sp;3;202;154,2347407;121,8600459;86,69869665
Dune fynbos-thicket mos.;369;01 September 2016;0,473611111;Chasmanthe aethiopica;37;1;72.8;0.4720;Sp;1;34;25,96030289;20,51109683;14,59284993
Dune fynbos-thicket mos.;369;01 September 2016;0,473611111;Conicosia pugioniformis;37;1;72.6;0.1558;Sp;1;11;8,398921524;6,635943093;4,721216154
Dune fynbos-thicket mos.;369;01 September 2016;0,473611111;Ferraria crispa;27;1;54.4;0.7472;Sp;1;41;31,30507113;24,73396971;17,59726021
Dune fynbos-thicket mos.;369;01 September 2016;0,473611111;Pelargonium lobatum;141;1;281.2;0.3280;Sp;1;92;70,24552547;55,50061496;39,48653511
Dune fynbos-thicket mos.;369;01 September 2016;0,473611111;Pelargonium triste;1239;2;1238.3;0.6182;Sp;3;766;584,8703534;462,1029463;328,7683249
Dune fynbos-thicket mos.;370;01 September 2016;0,513194444;Microloma sagittatum;11;1;21.8;0.6006;Sp;1;13;9,925998164;7,842478201;5,579619091
Dune fynbos-thicket mos.;370;01 September 2016;0,513194444;Pelargonium lobatum;4337;2;4336.3;0.3280;Sp;1;1422;1085,751492;857,8464617;610,3244883
Dune fynbos-thicket mos.;371;01 September 2016;0,638194444;Chasmanthe aethiopica;504;2;503.5;0.4720;Sp;1;238;181,7221202;143,5776778;102,1499495
Dune fynbos-thicket mos.;371;01 September 2016;0,638194444;Pelargonium triste;118;1;235.9;0.6182;Sp;3;146;111,4765948;88,07706287;62,66341441
Dune fynbos-thicket mos.;374;02 September 2016;0,375;Tetragonia decumbens;291;2;290.3;0.0830;Sp;1;24;18,32491969;14,47842129;10,30083525
Dune fynbos-thicket mos.;374;02 September 2016;0,375;Trachyandra ciliata;168;2;167.8;0.2181;Sp;1;37;28,25091785;22,3208995;15,88045434
Dune fynbos-thicket mos.;375;03 September 2016;0,428472222;Babiana tubulosa;46;1;90.7;1.0239;Gen;3;93;71,00906379;56,10388251;39,91573658
Dune fynbos-thicket mos.;375;03 September 2016;0,428472222;Chasmanthe aethiopica;263;2;263.1;0.4720;Sp;1;124;94,67875172;74,80517669;53,2209821
Dune fynbos-thicket mos.;375;03 September 2016;0,428472222;Freesia caryophyllacea;5;1;9.1;NA;NA;NA;0;0;0;0
Dune fynbos-thicket mos.;375;03 September 2016;0,428472222;Gladiolus carinatus;14;1;27.2;NA;NA;NA;0;0;0;0
Dune fynbos-thicket mos.;375;03 September 2016;0,428472222;Pelargonium triste;599;1;1197.5;0.6182;Sp;3;740;565,018357;446,4179899;317,6090867
Dune fynbos-thicket mos.;376;03 September 2016;0,479861111;Chasmanthe aethiopica;100;2;99.8;0.4720;Sp;1;47;35,88630106;28,35357503;20,17246902
Dune fynbos-thicket mos.;376;03 September 2016;0,479861111;Pelargonium triste;308;2;308.1;0.6182;Sp;3;190;145,0722809;114,6208352;81,54827903
Dune fynbos-thicket mos.;376;03 September 2016;0,479861111;Satyrium carneum;309;2;308.4;0.1544;Gen;1;48;36,64983938;28,95684259;20,60167049
Dune fynbos-thicket mos.;380;03 September 2016;0,36875;Chasmanthe aethiopica;73;2;72.6;0.472;Sp;1;34;25,96030289;20,51109683;14,59284993
Dune fynbos-thicket mos.;380;03 September 2016;0,36875;Ferraria crispa;27;1;54.4;0.7472;Sp;1;41;31,30507113;24,73396971;17,59726021
Dune fynbos-thicket mos.;380;03 September 2016;0,36875;Osyris compressa;1;1;0.9;NA;NA;NA;0;0;0;0
Dune fynbos-thicket mos.;387;17 October 2016;0,461111111;Chasmanthe aethiopica;41;1;81.6;0.4720;Sp;1;39;29,77799449;23,5274346;16,73885727
Dune fynbos-thicket mos.;387;17 October 2016;0,461111111;Grewia occidentalis;5;1;9.1;NA;NA;NA;0;0;0;0
Dune fynbos-thicket mos.;387;17 October 2016;0,461111111;Muraltia spinosa;37;2;36.3;0.2666;Sp;1;10;7,635383203;6,032675539;4,292014686
Dune fynbos-thicket mos.;387;17 October 2016;0,461111111;Osyris compressa;5;1;9.1;NA;NA;NA;0;0;0;0
Dune fynbos-thicket mos.;387;17 October 2016;0,461111111;Othonna undulosa;136;2;136.1;NA;NA;NA;0;0;0;0
Dune fynbos-thicket mos.;388;17 October 2016;0,495833333;Muraltia spinosa;449;2;449.1;0.2666;Sp;1;120;91,62459844;72,39210647;51,50417623
Dune fynbos-thicket mos.;389;17 October 2016;0,529861111;Microloma sagittatum;27;2;27.2;0.6006;Sp;1;16;12,21661313;9,652280863;6,867223497
Dune fynbos-thicket mos.;389;17 October 2016;0,529861111;Pelargonium lobatum;309;2;308.4;0.3280;Sp;1;101;77,11737035;60,93002295;43,34934832
Dune fynbos-thicket mos.;389;17 October 2016;0,529861111;Pelargonium triste;27;1;54.4;0.6182;Sp;3;34;25,96030289;20,51109683;14,59284993
Dune fynbos-thicket mos.;392;17 October 2016;0,352083333;Conicosia pugioniformis;1756;2;1755.4;0.1558;Sp;1;273;208,4459615;164,6920422;117,1720009
Dune fynbos-thicket mos.;392;17 October 2016;0,352083333;Osteospermum monilifera;18;2;18.1;NA;NA;NA;0;0;0;0
Dune fynbos-thicket mos.;393;17 October 2016;0,378472222;Osteospermum monilifera;164;2;163.3;NA;NA;NA;0;0;0;0
Dune fynbos-thicket mos.;409;09 November 2016;0,44375;Babiana sp;5;1;9.1;1.0239;Gen;3;9;6,871844883;5,429407985;3,862813217
Dune fynbos-thicket mos.;409;09 November 2016;0,44375;Ferraria crispa;32;1;63.5;0.7472;Sp;1;47;35,88630106;28,35357503;20,17246902
Dune fynbos-thicket mos.;409;09 November 2016;0,44375;Pelargonium lobatum;617;2;616.9;0.3280;Sp;1;202;154,2347407;121,8600459;86,69869665
Dune fynbos-thicket mos.;409;09 November 2016;0,44375;Pelargonium triste;658;2;657.7;0.6182;Sp;3;407;310,7600964;245,5298944;174,6849977
Dune fynbos-thicket mos.;410;09 November 2016;0,475;Muraltia spinosa;213;2;213.2;0.2666;Sp;1;57;43,52168426;34,38625057;24,46448371
Dune fynbos-thicket mos.;415;09 November 2016;0,411805556;Conicosia pugioniformis;554;2;553.4;0.1558;Sp;1;86;65,66429555;51,88100964;36,9113263
Dune fynbos-thicket mos.;430;05 December 2016;0,430555556;Zero;0;2;0;0;Sp;1;0;0;0;0
Dune fynbos-thicket mos.;431;05 December 2016;0,45625;Conicosia pugioniformis;46;1;90.7;0.1558;Sp;1;14;10,68953648;8,445745755;6,00882056
Dune fynbos-thicket mos.;431;05 December 2016;0,45625;Searsia lucida;27;2;27.2;NA;NA;NA;0;0;0;0
Dune fynbos-thicket mos.;435;06 December 2016;0,438194444;Carpobrotus acinaciformis;380;2;379.9;0.6408;Sp;1;243;185,5398118;146,5940156;104,2959569
Dune fynbos-thicket mos.;435;06 December 2016;0,438194444;Carpobrotus edulis;2545;2;2544.7;0.2555;Sp;1;650;496,2999082;392,1239101;278,9809546
Dune fynbos-thicket mos.;435;06 December 2016;0,438194444;Carpobrotus sp;0;1;0;0.4482;Gen;2;0;0;0;0
Dune fynbos-thicket mos.;439;06 December 2016;0,634027778;Tetragonia decumbens;1125;2;1124.9;0.0830;Sp;1;93;71,00906379;56,10388251;39,91573658
Dune fynbos-thicket mos.;449;08 December 2016;0,547916667;Carpobrotus acinaciformis;55;2;55.2;0.6408;Sp;1;35;26,72384121;21,11436439;15,0220514
Dune fynbos-thicket mos.;449;08 December 2016;0,547916667;Cyphia digitata;27;1;54.4;0.2978;Sp;1;16;12,21661313;9,652280863;6,867223497
Subtropical thicket;7;14 December 2014;0,430555556;Zero;0;2;0;0;Sp;1;0;0;0;0
Subtropical thicket;14;15 January 2015;0,635416667;Zero;0;2;0;0;Sp;1;0;0;0;0
Subtropical thicket;58;29 May 2015;0,477777778;Schotia afra;17;2;16.6;0.2463;Sp;1;4;3,054153281;2,413070216;1,716805874
Subtropical thicket;59;29 May 2015;0,547916667;Schotia afra;784;2;784.2;0.2463;Sp;1;193;147,3628958;116,4306379;82,83588343
Subtropical thicket;60;29 May 2015;0,584722222;Schotia afra;186;2;185.6;0.2463;Sp;1;46;35,12276274;27,75030748;19,74326755
Subtropical thicket;61;29 May 2015;0,3625;Schotia afra;208;2;208.2;0.2463;Sp;1;51;38,94045434;30,76664525;21,8892749
Subtropical thicket;62;29 May 2015;0,384722222;Schotia afra;707;2;706.8;0.2463;Sp;1;174;132,8556677;104,9685544;74,68105553
Subtropical thicket;81;19 June 2015;0,589583333;Schotia afra;306;2;306.2;0.2463;Sp;1;75;57,26537402;45,24506654;32,19011014
Subtropical thicket;82;19 June 2015;0,629861111;Schotia afra;10;2;9.5;0.2463;Sp;1;2;1,527076641;1,206535108;0,858402937
Subtropical thicket;88;08 July 2015;0,490972222;Schotia afra;250;2;249.5;0.2463;Sp;1;61;46,57583754;36,79932079;26,18128958
Subtropical thicket;89;08 July 2015;0,522222222;Schotia afra;381;2;381.0;0.2463;Sp;1;94;71,77260211;56,70715007;40,34493804
Subtropical thicket;121;02 September 2015;0,6125;Schotia afra;19;2;19.1;0.2463;Sp;1;5;3,817691602;3,01633777;2,146007343
Subtropical thicket;122;02 September 2015;0,646527778;Zero;0;2;0;0;Sp;1;0;0;0;0
Subtropical thicket;125;09 September 2015;0,432638889;Schotia afra;75;2;74.8;0.2463;Sp;1;18;13,74368977;10,85881597;7,725626434
Subtropical thicket;134;07 October 2015;0,430555556;Zero;0;2;0;0;Sp;1;0;0;0;0
Subtropical thicket;136;07 October 2015;0,584722222;Microloma sagittatum;43;2;43.1;0.6006;Sp;1;26;19,85199633;15,6849564;11,15923818
Subtropical thicket;136;07 October 2015;0,584722222;Schotia afra;127;2;127.0;0.2463;Sp;1;31;23,66968793;18,70129417;13,30524553
Subtropical thicket;137;07 October 2015;0,397916667;Cynanchum obtusifolium;42;2;42.2;0.7343;Sp;1;31;23,66968793;18,70129417;13,30524553
Subtropical thicket;137;07 October 2015;0,397916667;Diospyros dichrophylla;5;1;9.1;NA;NA;NA;0;0;0;0
Subtropical thicket;137;07 October 2015;0,397916667;Euclea racemosa;21;2;20.4;NA;NA;NA;0;0;0;0
Subtropical thicket;137;07 October 2015;0,397916667;Osteospermum monilifera;3;1;6.4;NA;NA;NA;0;0;0;0
Subtropical thicket;137;07 October 2015;0,397916667;Osyris compressa;4;1;7.3;NA;NA;NA;0;0;0;0
Subtropical thicket;137;07 October 2015;0,397916667;Pelargonium triste;23;1;45.4;0.6182;Sp;3;28;21,37907297;16,89149151;12,01764112
Subtropical thicket;152;10 November 2015;0,615972222;Albuca juncifolia subsp juncifolia;14;1;27.2;NA;NA;NA;0;0;0;0
Subtropical thicket;152;10 November 2015;0,615972222;Ornithogalum dubium;27;2;27.2;NA;NA;NA;0;0;0;0
Subtropical thicket;156;11 November 2015;0,523611111;Babiana ambigua;3;1;4.5;1.0744;Sp;1;5;3,817691602;3,01633777;2,146007343
Subtropical thicket;156;11 November 2015;0,523611111;Ferraria crispa;18;1;36.3;0.7472;Sp;1;27;20,61553465;16,28822396;11,58843965
Subtropical thicket;156;11 November 2015;0,523611111;Microloma sagittatum;59;2;58.5;0.6006;Sp;1;35;26,72384121;21,11436439;15,0220514
Subtropical thicket;156;11 November 2015;0,523611111;Pelargonium carneum;25;2;24.9;0.4779;Gen;6;12;9,162459844;7,239210647;5,150417623
Subtropical thicket;157;11 November 2015;0,58125;Zero;0;2;0;0;Sp;1;0;0;0;0
Subtropical thicket;158;11 November 2015;0,60625;Microloma sagittatum;4;1;8.2;0.6006;Sp;1;5;3,817691602;3,01633777;2,146007343
Subtropical thicket;158;11 November 2015;0,60625;Zero;0;1;0;0;Sp;1;0;0;0;0
Subtropical thicket;180;10 December 2015;0,484722222;Albuca juncifolia subsp juncifolia;18;2;18.1;NA;NA;NA;0;0;0;0
Subtropical thicket;181;10 December 2015;0,554166667;Zero;0;2;0;0;Sp;1;0;0;0;0
Subtropical thicket;182;10 December 2015;0,60625;Zero;0;2;0;0;Sp;1;0;0;0;0
Subtropical thicket;203;21 January 2016;0,470138889;Colpoon compressum;96;2;95.3;NA;NA;NA;0;0;0;0
Subtropical thicket;204;21 January 2016;0,510416667;Zero;0;2;0;0;Sp;1;0;0;0;0
Subtropical thicket;206;21 January 2016;0,60625;Zero;0;2;0;0;Sp;1;0;0;0;0
Subtropical thicket;208;22 February 2016;0,434027778;Carpobrotus acinaciformis;14;2;14.1;0.6408;Sp;1;9;6,871844883;5,429407985;3,862813217
Subtropical thicket;211;22 February 2016;0,650694444;Zero;0;2;0;0;Sp;1;0;0;0;0
Subtropical thicket;216;23 February 2016;0,349305556;Schotia afra;52;2;51.4;0.2463;Sp;1;13;9,925998164;7,842478201;5,579619091
Subtropical thicket;217;23 February 2016;0,390972222;Schotia afra;18;2;17.8;0.2463;Sp;1;4;3,054153281;2,413070216;1,716805874
Subtropical thicket;230;08 March 2016;0,454861111;Carpobrotus acinaciformis;32;2;31.7;0.6408;Sp;1;20;15,27076641;12,06535108;8,584029371
Subtropical thicket;231;08 March 2016;0,508333333;Sideroxylon inerme;275;2;274.4;0.9953;Sp;1;273;208,4459615;164,6920422;117,1720009
Subtropical thicket;232;08 March 2016;0,552083333;Zero;0;2;0;0;Sp;1;0;0;0;0
Subtropical thicket;240;10 March 2016;0,577777778;Carissa bispinosa;1107;2;1106.8;0.4156;Gen;1;460;351,2276274;277,5030748;197,4326755
Subtropical thicket;253;05 April 2016;0,616666667;Schotia afra;259;2;258.5;0.2463;Sp;1;64;48,8664525;38,60912345;27,46889399
Subtropical thicket;258;06 April 2016;0,385416667;Carpobrotus acinaciformis;14;2;13.6;0.6408;Sp;1;9;6,871844883;5,429407985;3,862813217
Subtropical thicket;258;06 April 2016;0,385416667;Schotia afra;243;2;242.5;0.2463;Sp;1;60;45,81229922;36,19605324;25,75208811
Subtropical thicket;258;06 April 2016;0,385416667;Sideroxylon inerme;14;2;13.6;0.9953;Sp;1;14;10,68953648;8,445745755;6,00882056
Subtropical thicket;265;08 April 2016;0,501388889;Zero;0;2;0;0;Sp;1;0;0;0;0
Subtropical thicket;278;11 May 2016;0,492361111;Cyphia digitata;57;1;113.4;0.2978;Sp;1;34;25,96030289;20,51109683;14,59284993
Subtropical thicket;278;11 May 2016;0,492361111;Pelargonium rapaceum;7;1;13.6;0.3424;Sp;2;5;3,817691602;3,01633777;2,146007343
Subtropical thicket;281;12 May 2016;0,454166667;Carissa bispinosa;16;2;15.9;0.4156;Gen;1;7;5,344768242;4,222872877;3,00441028
Subtropical thicket;281;12 May 2016;0,454166667;Cyphia digitata;37;2;36.3;0.2978;Sp;1;11;8,398921524;6,635943093;4,721216154
Subtropical thicket;281;12 May 2016;0,454166667;Euclea racemosa;27;2;27.2;NA;NA;NA;0;0;0;0
Subtropical thicket;281;12 May 2016;0,454166667;Oxalis pes-caprae;5;1;9.1;0.3206;Gen;1;3;2,290614961;1,809802662;1,287604406
Subtropical thicket;281;12 May 2016;0,454166667;Schotia afra;6;2;5.9;0.2463;Sp;1;1;0,76353832;0,603267554;0,429201469
Subtropical thicket;284;12 May 2016;0,609722222;Schotia afra;147;2;146.4;0.2463;Sp;1;36;27,48737953;21,71763194;15,45125287
Subtropical thicket;308;16 June 2016;0,588888889;Zero;0;2;0;0;Sp;1;0;0;0;0
Subtropical thicket;323;13 July 2016;0,447222222;Schotia afra;195;2;195.0;0.2463;Sp;1;48;36,64983938;28,95684259;20,60167049
Subtropical thicket;395;18 October 2016;0,477777778;Cyphia digitata;127;2;127.0;0.2978;Sp;1;38;29,01445617;22,92416705;16,30965581
Subtropical thicket;395;18 October 2016;0,477777778;Ferraria crispa;182;2;181.4;0.7472;Sp;1;136;103,8412116;82,04438733;58,37139972
Subtropical thicket;396;18 October 2016;0,513194444;Cyphia digitata;223;2;222.3;0.2978;Sp;1;66;50,39352914;39,81565856;28,32729693
Subtropical thicket;406;20 October 2016;0,5125;Zero;0;2;0;0;Sp;1;0;0;0;0
Subtropical thicket;426;11 November 2016;0,563888889;Freesia sp;127;2;127.0;NA;NA;NA;0;0;0;0
Subtropical thicket;427;11 November 2016;0,601388889;Freesia sp;159;2;158.8;NA;NA;NA;0;0;0;0
Subtropical thicket;429;11 November 2016;0,390277778;Freesia leichtlinii;37;2;36.3;NA;NA;NA;0;0;0;0
Subtropical thicket;436;06 December 2016;0,497916667;Carpobrotus acinaciformis;185;2;184.6;0.6408;Sp;1;118;90,0975218;71,18557136;50,64577329
Subtropical thicket;436;06 December 2016;0,497916667;Microloma sagittatum;32;1;63.5;0.6006;Sp;1;38;29,01445617;22,92416705;16,30965581
Subtropical thicket;436;06 December 2016;0,497916667;Osteospermum monilifera;14;1;27.2;NA;NA;NA;0;0;0;0
Subtropical thicket;436;06 December 2016;0,497916667;Sideroxylon inerme;27;1;54.4;0.9953;Sp;1;54;41,2310693;32,57644791;23,1768793
Subtropical thicket;444;07 December 2016;0,334027778;Carpobrotus edulis;2545;2;2544.7;0.2555;Sp;1;650;496,2999082;392,1239101;278,9809546
Subtropical thicket;445;07 December 2016;0,363888889;Babiana patula;68;2;68;1.0239;Gen;3;70;53,44768242;42,22872877;30,0441028
Subtropical thicket;445;07 December 2016;0,363888889;Diospyros dichrophylla;96;2;95.7;NA;NA;NA;0;0;0;0
Subtropical thicket;445;07 December 2016;0,363888889;Pelargonium rapaceum;37;1;72.6;0.3424;Sp;2;25;19,08845801;15,08168885;10,73003671
Subtropical thicket;451;08 December 2016;0,413888889;Carpobrotus acinaciformis;340;2;339.5;0.6408;Sp;1;218;166,4513538;131,5123268;93,56592015
Sand fynbos;11;16 December 2014;0,395833333;Leucospermum muirii;0;2;0;NA;NA;NA;0;0;0;0
Sand fynbos;11;16 December 2014;0,395833333;Osyris compressa;3;2;3.2;NA;NA;NA;0;0;0;0
Sand fynbos;15;15 January 2015;0,377083333;Watsonia fourcadei;185;2;185.1;0.4861;Sp;2;90;68,71844883;54,29407985;38,62813217
Sand fynbos;16;15 January 2015;0,402777778;Watsonia fourcadei;192;2;191.4;0.4861;Sp;2;93;71,00906379;56,10388251;39,91573658
Sand fynbos;25;12 February 2015;0,440972222;Zero;0;2;0;0;Sp;1;0;0;0;0
Sand fynbos;26;12 February 2015;0,474305556;Watsonia meriana;302;2;301.6;0.4546;Sp;1;137;104,6047499;82,64765489;58,80060119
Sand fynbos;27;12 February 2015;0,538194444;Watsonia fourcadei;428;2;427.9;0.4861;Sp;2;208;158,8159706;125,4796512;89,27390546
Sand fynbos;28;12 February 2015;0,560416667;Watsonia fourcadei;485;2;484.9;0.4861;Sp;2;236;180,1950436;142,3711427;101,2915466
Sand fynbos;46;26 March 2015;0,504166667;Zero;0;2;0;0;Sp;1;0;0;0;0
Sand fynbos;55;28 May 2015;0,434722222;Protea susannae;0;2;0;NA;NA;NA;0;0;0;0
Sand fynbos;56;28 May 2015;0,472916667;Protea repens;0;2;0;NA;NA;NA;0;0;0;0
Sand fynbos;83;20 June 2015;0,470138889;Watsonia fourcadei;100;2;100.2;0.4861;Sp;2;49;37,4133777;29,56011014;21,03087196
Sand fynbos;84;20 June 2015;0,497916667;Watsonia fourcadei;56;2;55.3;0.4861;Sp;2;27;20,61553465;16,28822396;11,58843965
Sand fynbos;103;13 July 2015;0,504861111;Freesia caryophyllacea;20;2;20;NA;NA;NA;0;0;0;0
Sand fynbos;103;13 July 2015;0,504861111;Pelargonium lobatum;47;1;92.5;0.328;Sp;1;30;22,90614961;18,09802662;12,87604406
Sand fynbos;104;13 July 2015;0,581944444;Watsonia meriana;81;2;80.3;0.4546;Sp;1;37;28,25091785;22,3208995;15,88045434
Sand fynbos;105;13 July 2015;0,611111111;Babiana patula;46;2;45.8;1.0239;Gen;3;47;35,88630106;28,35357503;20,17246902
Sand fynbos;107;24 August 2015;0,467361111;Babiana ambigua;25;2;24.9;1.0744;Sp;1;27;20,61553465;16,28822396;11,58843965
Sand fynbos;107;24 August 2015;0,467361111;Freesia alba;7;1;13.6;NA;NA;NA;0;0;0;0
Sand fynbos;107;24 August 2015;0,467361111;Microloma sagittatum;14;1;27.2;0.6006;Sp;1;16;12,21661313;9,652280863;6,867223497
Sand fynbos;108;24 August 2015;0,595833333;Osyris compressa;1;1;1.8;NA;NA;NA;0;0;0;0
Sand fynbos;108;24 August 2015;0,595833333;Protea obtusifolia;0;1;0;NA;NA;NA;0;0;0;0
Sand fynbos;108;24 August 2015;0,595833333;Protea repens;0;1;0;NA;NA;NA;0;0;0;0
Sand fynbos;128;06 October 2015;0,425;Albuca juncifolia subsp juncifolia;30;2;29.5;NA;NA;NA;0;0;0;0
Sand fynbos;128;06 October 2015;0,425;Babiana sp;18;1;36.3;1.0239;Gen;3;37;28,25091785;22,3208995;15,88045434
Sand fynbos;128;06 October 2015;0,425;Disa bracteata;1;1;0.9;NA;NA;NA;0;0;0;0
Sand fynbos;128;06 October 2015;0,425;Ferraria crispa;27;1;54.4;0.7472;Sp;1;41;31,30507113;24,73396971;17,59726021
Sand fynbos;128;06 October 2015;0,425;Othonna undulosa;9;1;18.1;NA;NA;NA;0;0;0;0
Sand fynbos;128;06 October 2015;0,425;Pelargonium triste;14;1;27.2;0.6182;Sp;3;17;12,98015145;10,25554842;7,296424966
Sand fynbos;128;06 October 2015;0,425;Searsia lucida;36;1;70.8;NA;NA;NA;0;0;0;0
Sand fynbos;129;06 October 2015;0,459722222;Othonna undulosa;9;1;18.1;NA;NA;NA;0;0;0;0
Sand fynbos;129;06 October 2015;0,459722222;Pelargonium triste;21;1;40.8;0.6182;Sp;3;25;19,08845801;15,08168885;10,73003671
Sand fynbos;130;06 October 2015;0,511111111;Pelargonium triste;617;2;616.9;0.6182;Sp;3;381;290,9081;229,844938;163,5257595
Sand fynbos;131;06 October 2015;0,614583333;Albuca juncifolia subsp juncifolia;14;2;13.6;NA;NA;NA;0;0;0;0
Sand fynbos;131;06 October 2015;0,614583333;Pelargonium triste;261;2;260.8;0.6182;Sp;3;161;122,9296696;97,12607618;69,10143644
Sand fynbos;132;06 October 2015;0,64375;Albuca juncifolia subsp juncifolia;5;1;9.1;NA;NA;NA;0;0;0;0
Sand fynbos;132;06 October 2015;0,64375;Pelargonium triste;479;2;478.5;0.6182;Sp;3;296;226,0073428;178,567196;127,0436347
Sand fynbos;138;08 October 2015;0,652083333;Watsonia fourcadei;150;2;149.7;0.4861;Sp;2;73;55,73829738;44,03853144;31,33170721
Sand fynbos;139;08 October 2015;0,6625;Watsonia fourcadei;669;2;669.0;0.4861;Sp;2;325;248,1499541;196,061955;139,4904773
Sand fynbos;143;09 November 2015;0,425694444;Pelargonium triste;68;1;136.1;0.6182;Sp;3;84;64,13721891;50,67447453;36,05292336
Sand fynbos;143;09 November 2015;0,425694444;Watsonia fourcadei;277;2;276.7;0.4861;Sp;2;135;103,0776732;81,44111978;57,94219826
Sand fynbos;144;09 November 2015;0,436111111;Zero;0;2;0;0;Sp;1;0;0;0;0
Sand fynbos;145;09 November 2015;0,535416667;Watsonia fourcadei;579;2;578.3;0.4861;Sp;2;281;214,554268;169,5181827;120,6056127
Sand fynbos;146;09 November 2015;0,570138889;Pelargonium triste;719;2;718.9;0.6182;Sp;3;444;339,0110142;267,8507939;190,565452
Sand fynbos;147;09 November 2015;0,609027778;Zero;0;2;0;0;Sp;1;0;0;0;0
Sand fynbos;148;09 November 2015;0,3875;Pelargonium triste;3370;2;3370.2;0.6182;Sp;3;2084;1591,21386;1257,209582;894,4558605
Sand fynbos;168;08 December 2015;0,484027778;Pelargonium triste;420;2;419.6;0.6182;Sp;3;259;197,756425;156,2462965;111,1631804
Sand fynbos;171;08 December 2015;0,347916667;Chasmanthe aethiopica;184;2;183.7;0.4720;Sp;1;87;66,42783387;52,48427719;37,34052777
Sand fynbos;184;11 December 2015;0,458333333;Watsonia sp;579;2;578.3;0.5955;Gen;5;344;262,6571822;207,5240385;147,6453052
Sand fynbos;185;11 December 2015;0,368055556;Watsonia fourcadei;547;2;547.0;0.4861;Sp;2;266;203,1011932;160,4691693;114,1675906
Sand fynbos;186;11 December 2015;0,4125;Carpobrotus edulis;18;1;36.3;0.2555;Sp;1;9;6,871844883;5,429407985;3,862813217
Sand fynbos;186;11 December 2015;0,4125;Zero;0;1;0;0;Sp;1;0;0;0;0
Sand fynbos;193;19 January 2016;0,500694444;Zero;0;2;0;0;Sp;1;0;0;0;0
Sand fynbos;197;20 January 2016;0,438888889;Carpobrotus edulis;54;1;107.8;0.2555;Sp;1;28;21,37907297;16,89149151;12,01764112
Sand fynbos;197;20 January 2016;0,438888889;Cyrtanthus fergusoniae;177;2;176.9;NA;NA;NA;0;0;0;0
Sand fynbos;198;20 January 2016;0,474305556;Watsonia coccinea;928;2;927.6;0.5955;Gen;5;552;421,4731528;333,0036898;236,9192106
Sand fynbos;199;20 January 2016;0,563194444;Watsonia coccinea;338;2;337.9;0.5955;Gen;5;201;153,4712024;121,2567783;86,26949518
Sand fynbos;219;24 February 2016;0,483333333;Zero;0;1;0;0;Sp;1;0;0;0;0
Sand fynbos;220;24 February 2016;0,518055556;Watsonia fourcadei;382;2;382.2;0.4861;Sp;2;186;142,0181276;112,207765;79,83147315
Sand fynbos;226;25 February 2016;0,595138889;Conicosia pugioniformis;746;2;746.2;0.1558;Sp;1;116;88,57044516;69,97903626;49,78737035
Sand fynbos;234;09 March 2016;0,50625;Watsonia fourcadei;492;2;492.1;0.4861;Sp;2;239;182,4856586;144,1809454;102,579151
Sand fynbos;237;09 March 2016;0,404861111;Watsonia fourcadei;506;2;505.8;0.4861;Sp;2;246;187,8304268;148,4038183;105,5835613
Sand fynbos;256;06 April 2016;0,573611111;Searsia lucida;18;2;18.1;NA;NA;NA;0;0;0;0
Sand fynbos;257;06 April 2016;0,611111111;Watsonia fourcadei;699;2;698.5;0.4861;Sp;2;340;259,6030289;205,1109683;145,9284993
Sand fynbos;259;07 April 2016;0,445138889;Watsonia fourcadei;0;1;0;0.4861;Sp;2;0;0;0;0
Sand fynbos;259;07 April 2016;0,445138889;Zero;0;1;0;0;Sp;1;0;0;0;0
Sand fynbos;260;07 April 2016;0,494444444;Watsonia fourcadei;535;2;535.2;0.4861;Sp;2;260;198,5199633;156,849564;111,5923818
Sand fynbos;263;07 April 2016;0,398611111;Watsonia coccinea;381;2;381.0;0.5955;Gen;5;227;173,3231987;136,9417347;97,42873336
Sand fynbos;273;10 May 2016;0,475;Pelargonium triste;551;2;551.1;0.6182;Sp;3;341;260,3665672;205,7142359;146,3577008
Sand fynbos;274;10 May 2016;0,559027778;Watsonia cf fergusoniae;352;2;351.5;0.5955;Gen;5;209;159,5795089;126,0829188;89,70310693
Sand fynbos;287;13 May 2016;0,445138889;Typha capensis;525;2;524.7;0.0462;Sp;1;24;18,32491969;14,47842129;10,30083525
Sand fynbos;291;13 May 2016;0,415972222;Watsonia fourcadei;724;2;723.5;0.4861;Sp;2;352;268,7654888;212,350179;151,0789169
Sand fynbos;301;15 June 2016;0,454861111;Pelargonium triste;712;2;712.1;0.6182;Sp;3;440;335,9568609;265,4377237;188,8486462
Sand fynbos;301;15 June 2016;0,454861111;Watsonia fourcadei;146;2;146.1;0.4861;Sp;2;71;54,21122074;42,83199633;30,47330427
Sand fynbos;302;15 June 2016;0,482638889;Watsonia fourcadei;440;2;440.0;0.4861;Sp;2;214;163,3972006;129,0992565;91,84911427
Sand fynbos;305;15 June 2016;0,388194444;Watsonia fourcadei;219;2;218.4;0.4861;Sp;2;106;80,93506196;63,94636072;45,49535567
Sand fynbos;320;12 July 2016;0,5875;Pelargonium lobatum;821;2;821.0;0.3280;Sp;1;269;205,3918082;162,278972;115,455195
Sand fynbos;322;12 July 2016;0,648611111;Pelargonium triste;415;2;415.0;0.6182;Sp;3;257;196,2293483;155,0397614;110,3047774
Sand fynbos;343;08 August 2016;0,631944444;Pelargonium triste;236;2;235.9;0.6182;Sp;3;146;111,4765948;88,07706287;62,66341441
Sand fynbos;345;09 August 2016;0,592361111;Watsonia fourcadei;291;2;290.3;0.4861;Sp;2;141;107,6589032;85,0607251;60,51740707
Sand fynbos;346;09 August 2016;0,638194444;Watsonia fourcadei;998;4;499.0;0.4861;Sp;2;243;185,5398118;146,5940156;104,2959569
Sand fynbos;347;09 August 2016;0,678472222;Zero;0;2;0;0;Sp;1;0;0;0;0
Sand fynbos;382;04 September 2016;0,484722222;Watsonia fourcadei;2069;2;2069.2;0.4861;Sp;2;1006;768,1195503;606,8871592;431,7766774
Sand fynbos;383;04 September 2016;0,511805556;Searsia lucida;109;2;108.9;NA;NA;NA;0;0;0;0
Sand fynbos;400;19 October 2016;0,422916667;Babiana ambigua;18;1;36.3;1.0744;Sp;1;39;29,77799449;23,5274346;16,73885727
Sand fynbos;400;19 October 2016;0,422916667;Searsia lucida;55;1;108.9;NA;NA;NA;0;0;0;0
Sand fynbos;400;19 October 2016;0,422916667;Zero;0;1;0;0;Sp;1;0;0;0;0
Sand fynbos;404;20 October 2016;0,427083333;Watsonia fourcadei;1347;2;1347.2;0.4861;Sp;2;655;500,1175998;395,1402478;281,1269619
Sand fynbos;405;20 October 2016;0,465277778;Watsonia fourcadei;1933;2;1932.3;0.4861;Sp;2;939;716,9624828;566,4682331;403,020179
Sand fynbos;416;10 November 2016;0,459722222;Conicosia pugioniformis;395;2;394.6;0.1558;Sp;1;61;46,57583754;36,79932079;26,18128958
Sand fynbos;416;10 November 2016;0,459722222;Pelargonium triste;1261;2;1261;0.6182;Sp;3;780;595,5598899;470,5486921;334,7771455
Sand fynbos;418;10 November 2016;0,619444444;Pelargonium triste;200;2;199.6;0.6182;Sp;3;123;93,9152134;74,20190913;52,79178063
Sand fynbos;419;10 November 2016;0,643055556;Watsonia sp;27;1;54.4;0.5955;Gen;5;32;24,43322625;19,30456173;13,73444699
Sand fynbos;419;10 November 2016;0,643055556;Zero;0;1;0;0;Sp;1;0;0;0;0
Sand fynbos;420;10 November 2016;0,373611111;Conicosia pugioniformis;68;1;136.1;0.1558;Sp;1;21;16,03430473;12,66861863;9,01323084
Sand fynbos;420;10 November 2016;0,373611111;Watsonia sp;68;2;68.0;0.5955;Gen;5;40;30,54153281;24,13070216;17,16805874
Sand fynbos;421;10 November 2016;0,406944444;Albuca fragrans;32;1;63.5;NA;NA;NA;0;0;0;0
Sand fynbos;432;05 December 2016;0,488194444;Carissa bispinosa;14;1;27.2;0.4156;Gen;1;11;8,398921524;6,635943093;4,721216154
Sand fynbos;432;05 December 2016;0,488194444;Rhoicissus digitata;635;1;1270.1;NA;NA;NA;0;0;0;0
Sand fynbos;432;05 December 2016;0,488194444;Searsia lucida;27;2;27.2;NA;NA;NA;0;0;0;0
Sand fynbos;434;05 December 2016;0,376388889;Pelargonium triste;227;2;226.8;0.6182;Sp;3;140;106,8953648;84,45745755;60,0882056
Sand fynbos;448;08 December 2016;0,503472222;Watsonia fourcadei;1429;2;1428.8;0.4861;Sp;2;695;530,6591326;419,27095;298,2950207
Limestone fynbos;1;18 November 2014;0,401388889;Osyris compressa;73;2;72.6;NA;NA;NA;0;0;0;0
Limestone fynbos;2;21 November 2014;0,403472222;Carpobrotus acinaciformis;901;3;600.4;0.6408;Sp;1;385;293,9622533;232,2580083;165,2425654
Limestone fynbos;3;13 December 2014;0,429861111;Carpobrotus acinaciformis;394;2;393.4;0.6408;Sp;1;252;192,4116567;152,0234236;108,1587701
Limestone fynbos;6;13 December 2014;0,410416667;Carpobrotus acinaciformis;481;2;480.9;0.6408;Sp;1;308;235,1698027;185,8064066;132,1940523
Limestone fynbos;6;13 December 2014;0,410416667;Osyris compressa;6;1;11.8;NA;NA;NA;0;0;0;0
Limestone fynbos;6;13 December 2014;0,410416667;Searsia glauca;30;1;59.0;NA;NA;NA;0;0;0;0
Limestone fynbos;6;13 December 2014;0,410416667;Searsia lucida;5;1;10.0;NA;NA;NA;0;0;0;0
Limestone fynbos;34;15 February 2015;0,350694444;Zero;0;2;0;0;Sp;1;0;0;0;0
Limestone fynbos;48;13 May 2015;0,418055556;Zero;0;2;0;0;Sp;1;0;0;0;0
Limestone fynbos;51;27 May 2015;0,440277778;Cyphia digitata;40;2;39.9;0.2978;Sp;1;12;9,162459844;7,239210647;5,150417623
Limestone fynbos;52;27 May 2015;0,471527778;Cyphia digitata;73;2;72.6;0.2978;Sp;1;22;16,79784305;13,27188619;9,442432308
Limestone fynbos;53;27 May 2015;0,548611111;Cyphia digitata;107;2;106.6;0.2978;Sp;1;32;24,43322625;19,30456173;13,73444699
Limestone fynbos;54;27 May 2015;0,590277778;Cyphia digitata;144;2;143.8;0.2978;Sp;1;43;32,83214777;25,94050482;18,45566315
Limestone fynbos;90;10 July 2015;0,455555556;Cyphia digitata;76;3;50.8;0.2978;Sp;1;15;11,4530748;9,049013309;6,438022028
Limestone fynbos;96;10 July 2015;0,383333333;Cyphia digitata;8;3;5.4;0.2978;Sp;1;2;1,527076641;1,206535108;0,858402937
Limestone fynbos;100;11 July 2015;0,375;Annesorhiza nuda;10;2;10.0;NA;NA;NA;0;0;0;0
Limestone fynbos;100;11 July 2015;0,375;Pelargonium lobatum;209;2;209.1;0.328;Sp;1;69;52,6841441;41,62546122;29,61490133
Limestone fynbos;101;11 July 2015;0,405555556;Pelargonium lobatum;374;2;373.3;0.328;Sp;1;122;93,15167508;73,59864158;52,36257916
Limestone fynbos;101;11 July 2015;0,405555556;Searsia glauca;52;2;51.7;NA;NA;NA;0;0;0;0
Limestone fynbos;109;24 August 2015;0,364583333;Babiana patula;19;2;18.3;1.0239;Gen;3;19;14,50722809;11,46208352;8,154827903
Limestone fynbos;109;24 August 2015;0,364583333;Carissa bispinosa;3;1;4.5;0.4156;Gen;1;2;1,527076641;1,206535108;0,858402937
Limestone fynbos;109;24 August 2015;0,364583333;Muraltia spinosa;75;3;49.9;0.2666;Sp;1;13;9,925998164;7,842478201;5,579619091
Limestone fynbos;109;24 August 2015;0,364583333;Osyris compressa;21;1;40.8;NA;NA;NA;0;0;0;0
Limestone fynbos;109;24 August 2015;0,364583333;Searsia glauca;59;3;39.3;NA;NA;NA;0;0;0;0
Limestone fynbos;109;24 August 2015;0,364583333;Searsia lucida;24;1;47.2;NA;NA;NA;0;0;0;0
Limestone fynbos;109;24 August 2015;0,364583333;Viscum capense;27;2;27.2;NA;NA;NA;0;0;0;0
Limestone fynbos;110;24 August 2015;0,404861111;Osyris compressa;30;1;59.0;NA;NA;NA;0;0;0;0
Limestone fynbos;110;24 August 2015;0,404861111;Watsonia sp;16;2;15.9;0.5955;Gen;5;9;6,871844883;5,429407985;3,862813217
Limestone fynbos;110;24 August 2015;0,404861111;Zero;0;1;0;0;Sp;1;0;0;0;0
Limestone fynbos;114;25 August 2015;0,360416667;Osyris compressa;61;2;61.2;NA;NA;NA;0;0;0;0
Limestone fynbos;114;25 August 2015;0,360416667;Tulbaghia capensis;46;3;30.2;NA;NA;NA;0;0;0;0
Limestone fynbos;115;25 August 2015;0,415972222;Babiana ambigua;23;2;22.7;1.0744;Sp;1;24;18,32491969;14,47842129;10,30083525
Limestone fynbos;115;25 August 2015;0,415972222;Pelargonium lobatum;334;3;222.3;0.3280;Sp;1;73;55,73829738;44,03853144;31,33170721
Limestone fynbos;120;02 September 2015;0,461111111;Babiana ambigua;23;1;45.4;1.0744;Sp;1;49;37,4133777;29,56011014;21,03087196
Limestone fynbos;120;02 September 2015;0,461111111;Zero;0;1;0;0;Sp;1;0;0;0;0
Limestone fynbos;149;10 November 2015;0,432638889;Babiana ambigua;21;2;20.4;1.0744;Sp;1;22;16,79784305;13,27188619;9,442432308
Limestone fynbos;149;10 November 2015;0,432638889;Watsonia fourcadei;7;1;13.6;0.4861;Sp;2;7;5,344768242;4,222872877;3,00441028
Limestone fynbos;153;10 November 2015;0,386111111;Gladiolus floribundus;50;1;99.8;NA;NA;NA;0;0;0;0
Limestone fynbos;153;10 November 2015;0,386111111;Gladiolus sp;18;1;36.3;NA;NA;NA;0;0;0;0
Limestone fynbos;153;10 November 2015;0,386111111;Osyris compressa;30;1;59.0;NA;NA;NA;0;0;0;0
Limestone fynbos;160;12 November 2015;0,607638889;Babiana patula;8;2;7.3;1.0239;Gen;3;7;5,344768242;4,222872877;3,00441028
Limestone fynbos;160;12 November 2015;0,607638889;Pelargonium lobatum;363;2;362.9;0.3280;Sp;1;119;90,86106012;71,78883892;51,07497476
Limestone fynbos;161;12 November 2015;0,652777778;Pelargonium triste;234;2;233.6;0.6182;Sp;3;144;109,9495181;86,87052777;61,80501147
Limestone fynbos;166;07 December 2015;0,645833333;Babiana patula;4;1;7.3;1.0239;Gen;3;7;5,344768242;4,222872877;3,00441028
Limestone fynbos;166;07 December 2015;0,645833333;Ferraria crispa;27;2;27.2;0.7472;Sp;1;20;15,27076641;12,06535108;8,584029371
Limestone fynbos;167;08 December 2015;0,4375;Babiana patula;16;2;15.9;1.0239;Gen;3;16;12,21661313;9,652280863;6,867223497
Limestone fynbos;167;08 December 2015;0,4375;Gladiolus carinatus;27;2;27.2;NA;NA;NA;0;0;0;0
Limestone fynbos;169;08 December 2015;0,55;Pelargonium lobatum;939;2;938.9;0.3280;Sp;1;308;235,1698027;185,8064066;132,1940523
Limestone fynbos;170;08 December 2015;0,583333333;Zero;0;2;0;0;Sp;1;0;0;0;0
Limestone fynbos;172;08 December 2015;0,384722222;Gladiolus carinatus;12;1;22.7;NA;NA;NA;0;0;0;0
Limestone fynbos;172;08 December 2015;0,384722222;Osyris compressa;12;1;22.7;NA;NA;NA;0;0;0;0
Limestone fynbos;192;19 January 2016;0,429166667;Carpobrotus acinaciformis;4;1;6.7;0.6408;Sp;1;4;3,054153281;2,413070216;1,716805874
Limestone fynbos;192;19 January 2016;0,429166667;Zero;0;1;0;0;Sp;1;0;0;0;0
Limestone fynbos;194;19 January 2016;0,563888889;Carpobrotus acinaciformis;4;1;6.7;0.6408;Sp;1;4;3,054153281;2,413070216;1,716805874
Limestone fynbos;200;20 January 2016;0,34375;Ledebouria revoluta;7;1;13.6;NA;NA;NA;0;0;0;0
Limestone fynbos;201;20 January 2016;0,379861111;Albuca juncifolia subsp juncifolia;5;1;9.1;NA;NA;NA;0;0;0;0
Limestone fynbos;201;20 January 2016;0,379861111;Cyrtanthus fergusoniae;61;1;122.5;NA;NA;NA;0;0;0;0
Limestone fynbos;201;20 January 2016;0,379861111;Ledebouria revoluta;30;1;59.0;NA;NA;NA;0;0;0;0
Limestone fynbos;223;25 February 2016;0,425694444;Carpobrotus acinaciformis;2;1;4.0;0.6408;Sp;1;3;2,290614961;1,809802662;1,287604406
Limestone fynbos;223;25 February 2016;0,425694444;Cyphia digitata;116;2;115.7;0.2978;Sp;1;34;25,96030289;20,51109683;14,59284993
Limestone fynbos;224;25 February 2016;0,501388889;Zero;0;2;0;0;Sp;1;0;0;0;0
Limestone fynbos;225;25 February 2016;0,564583333;Cyphia digitata;34;2;34;0.2978;Sp;1;10;7,635383203;6,032675539;4,292014686
Limestone fynbos;227;25 February 2016;0,370833333;Carpobrotus acinaciformis;4;1;6.7;0.6408;Sp;1;4;3,054153281;2,413070216;1,716805874
Limestone fynbos;227;25 February 2016;0,370833333;Cyphia digitata;195;2;195.0;0.2978;Sp;1;58;44,28522258;34,98951813;24,89368518
Limestone fynbos;241;10 March 2016;0,609027778;Watsonia meriana;107;2;106.6;0.4546;Sp;1;48;36,64983938;28,95684259;20,60167049
Limestone fynbos;261;07 April 2016;0,5875;Searsia lucida;12;1;22.7;NA;NA;NA;0;0;0;0
Limestone fynbos;261;07 April 2016;0,5875;Zero;0;1;0;0;Sp;1;0;0;0;0
Limestone fynbos;264;08 April 2016;0,429166667;Cyphia digitata;207;2;206.4;0.2978;Sp;1;61;46,57583754;36,79932079;26,18128958
Limestone fynbos;267;08 April 2016;0,390972222;Cyphia digitata;266;2;265.4;0.2978;Sp;1;79;60,31952731;47,65813676;33,90691602
Limestone fynbos;271;09 May 2016;0,359027778;Babiana ambigua;7;1;13.6;1.0744;Sp;1;15;11,4530748;9,049013309;6,438022028
Limestone fynbos;271;09 May 2016;0,359027778;Pelargonium lobatum;7;1;13.6;0.3280;Sp;1;4;3,054153281;2,413070216;1,716805874
Limestone fynbos;272;09 May 2016;0,409027778;Cyphia digitata;7;1;13.6;0.2978;Sp;1;4;3,054153281;2,413070216;1,716805874
Limestone fynbos;272;09 May 2016;0,409027778;Pelargonium lobatum;34;2;34.0;0.3280;Sp;1;11;8,398921524;6,635943093;4,721216154
Limestone fynbos;275;10 May 2016;0,604166667;Pelargonium triste;420;2;419.6;0.6182;Sp;3;259;197,756425;156,2462965;111,1631804
Limestone fynbos;303;15 June 2016;0,538194444;Zero;0;2;0;0;Sp;1;0;0;0;0
Limestone fynbos;304;15 June 2016;0,581944444;Eriospermum cordiforme;281;2;281.2;0.1849;Gen;1;52;39,70399266;31,3699128;22,31847637
Limestone fynbos;310;16 June 2016;0,407638889;Eriospermum cordiforme;21;2;20.4;0.1849;Gen;1;4;3,054153281;2,413070216;1,716805874
Limestone fynbos;310;16 June 2016;0,407638889;Tritonia squalida;30;2;30.1;NA;NA;NA;0;0;0;0
Limestone fynbos;310;16 June 2016;0,407638889;Wachendorfia paniculata;24;1;47.6;2.0897;Gen;1;99;75,59029371;59,72348784;42,49094539
Limestone fynbos;319;12 July 2016;0,545833333;Pelargonium lobatum;926;2;925.3;0.3280;Sp;1;303;231,3521111;182,7900688;130,048045
Limestone fynbos;321;12 July 2016;0,622222222;Zero;0;2;0;0;Sp;1;0;0;0;0
Limestone fynbos;325;13 July 2016;0,538888889;Watsonia fourcadei;572;2;571.5;0.4861;Sp;2;278;212,2636531;167,70838;119,3180083
Limestone fynbos;333;14 July 2016;0,375694444;Cyphia digitata;141;2;140.6;0.2978;Sp;1;42;32,06860945;25,33723726;18,02646168
Limestone fynbos;337;15 July 2016;0,565277778;Cyphia digitata;9;1;18.1;0.2978;Sp;1;5;3,817691602;3,01633777;2,146007343
Limestone fynbos;337;15 July 2016;0,565277778;Zero;0;1;0;0;Sp;1;0;0;0;0
Limestone fynbos;339;08 August 2016;0,466666667;Eriospermum paradoxum;182;2;181.4;0.1849;Gen;1;34;25,96030289;20,51109683;14,59284993
Limestone fynbos;339;08 August 2016;0,466666667;Gladiolus sp;5;1;9.1;NA;NA;NA;0;0;0;0
Limestone fynbos;340;08 August 2016;0,506944444;Pelargonium lobatum;128;2;127.5;0.328;Sp;1;42;32,06860945;25,33723726;18,02646168
Limestone fynbos;340;08 August 2016;0,506944444;Pelargonium triste;77;2;77.1;0.6182;Sp;3;48;36,64983938;28,95684259;20,60167049
Limestone fynbos;341;08 August 2016;0,539583333;Gladiolus sp;34;2;34;NA;NA;NA;0;0;0;0
Limestone fynbos;342;08 August 2016;0,595138889;Freesia alba;21;2;20.4;NA;NA;NA;0;0;0;0
Limestone fynbos;342;08 August 2016;0,595138889;Pelargonium lobatum;14;1;27.2;0.3280;Sp;1;9;6,871844883;5,429407985;3,862813217
Limestone fynbos;342;08 August 2016;0,595138889;Pelargonium triste;200;2;199.6;0.6182;Sp;3;123;93,9152134;74,20190913;52,79178063
Limestone fynbos;354;10 August 2016;0,366666667;Cyphia digitata;96;2;95.3;0.2978;Sp;1;28;21,37907297;16,89149151;12,01764112
Limestone fynbos;362;12 August 2016;0,501388889;Cyphia digitata;254;2;254.0;0.2978;Sp;1;76;58,02891235;45,8483341;32,61931161
Limestone fynbos;372;01 September 2016;0,35;Babiana patula;46;2;45.4;1.0239;Gen;3;46;35,12276274;27,75030748;19,74326755
Limestone fynbos;372;01 September 2016;0,35;Cyphia digitata;32;1;63.5;0.2978;Sp;1;19;14,50722809;11,46208352;8,154827903
Limestone fynbos;372;01 September 2016;0,35;Pelargonium lobatum;304;1;607.8;0.3280;Sp;1;199;151,9441257;120,0502432;85,41109224
Limestone fynbos;372;01 September 2016;0,35;Satyrium longicolle;18;2;18.1;0.1544;Gen;1;3;2,290614961;1,809802662;1,287604406
Limestone fynbos;386;04 September 2016;0,381944444;Babiana patula;16;2;15.8;1.0239;Gen;3;16;12,21661313;9,652280863;6,867223497
Limestone fynbos;386;04 September 2016;0,381944444;Babiana sp;5;1;9.1;1.0239;Gen;3;9;6,871844883;5,429407985;3,862813217
Limestone fynbos;390;17 October 2016;0,6;Cyphia digitata;254;2;254.0;0.2978;Sp;1;76;58,02891235;45,8483341;32,61931161
Limestone fynbos;390;17 October 2016;0,6;Freesia alba;27;1;54.4;NA;NA;NA;0;0;0;0
Limestone fynbos;391;17 October 2016;0,632638889;Moraea sp;32;2;31.8;1.4660;Gen;1;47;35,88630106;28,35357503;20,17246902
Limestone fynbos;403;19 October 2016;0,385416667;Osyris compressa;18;1;36.3;NA;NA;NA;0;0;0;0
Limestone fynbos;403;19 October 2016;0,385416667;Searsia lucida;37;1;72.6;NA;NA;NA;0;0;0;0
Limestone fynbos;403;19 October 2016;0,385416667;Wachendorfia paniculata;88;2;87.3;2.0897;Gen;1;182;138,9639743;109,7946948;78,11466728
Limestone fynbos;412;09 November 2016;0,6;Babiana patula;68;2;68.0;1.0239;Gen;3;70;53,44768242;42,22872877;30,0441028
Limestone fynbos;413;09 November 2016;0,338888889;Babiana patula;32;2;31.8;1.0239;Gen;3;33;25,19676457;19,90782928;14,16364846
Limestone fynbos;414;09 November 2016;0,370833333;Babiana patula;59;2;59.0;1.0239;Gen;3;60;45,81229922;36,19605324;25,75208811
Limestone fynbos;417;10 November 2016;0,505555556;Babiana patula;55;2;54.4;1.0239;Gen;3;56;42,75814594;33,78298302;24,03528224
Limestone fynbos;433;05 December 2016;0,336805556;Babiana patula;32;2;31.8;1.0239;Gen;3;33;25,19676457;19,90782928;14,16364846
Limestone fynbos;433;05 December 2016;0,336805556;Tritonia squalida;32;2;31.8;NA;NA;NA;0;0;0;0
Renosterveld;12;15 January 2015;0,497222222;Zero;0;2;0;0;Sp;1;0;0;0;0
Renosterveld;13;15 January 2015;0,520833333;Zero;0;1;0;0;Sp;1;0;0;0;0
Renosterveld;19;19 January 2015;0,597222222;Zero;0;3;0;0;Sp;1;0;0;0;0
Renosterveld;20;19 January 2015;0,597916667;Zero;0;2;0;0;Sp;1;0;0;0;0
Renosterveld;32;13 February 2015;0,370138889;Zero;0;2;0;0;Sp;1;0;0;0;0
Renosterveld;47;26 March 2015;0,579861111;Zero;0;2;0;0;Sp;1;0;0;0;0
Renosterveld;68;09 June 2015;0,418055556;Watsonia aletroides;31;2;30.8;0.5955;Gen;5;18;13,74368977;10,85881597;7,725626434
Renosterveld;69;09 June 2015;0,447916667;Watsonia aletroides;42;2;42.2;0.5955;Gen;5;25;19,08845801;15,08168885;10,73003671
Renosterveld;70;09 June 2015;0,498611111;Watsonia aletroides;26;2;25.4;0.5955;Gen;5;15;11,4530748;9,049013309;6,438022028
Renosterveld;71;09 June 2015;0,594444444;Cyphia pheutema;22;2;21.8;0.2978;Gen;1;6;4,581229922;3,619605324;2,575208811
Renosterveld;72;09 June 2015;0,395833333;Watsonia aletroides;40;2;39.5;0.5955;Gen;5;24;18,32491969;14,47842129;10,30083525
Renosterveld;73;10 June 2015;0,443055556;Cyphia digitata;245;2;244.9;0.2978;Sp;1;73;55,73829738;44,03853144;31,33170721
Renosterveld;74;10 June 2015;0,474305556;Cyphia digitata;304;2;303.5;0.2978;Sp;1;90;68,71844883;54,29407985;38,62813217
Renosterveld;77;10 June 2015;0,411111111;Cyphia digitata;427;2;426.8;0.2978;Sp;1;127;96,96936668;76,61497935;54,50858651
Renosterveld;102;13 July 2015;0,433333333;Cyphia digitata;85;2;84.4;0.2978;Sp;1;25;19,08845801;15,08168885;10,73003671
Renosterveld;102;13 July 2015;0,433333333;Pelargonium rapaceum;1370;2;1369.8;0.3424;Sp;2;469;358,0994722;282,9324828;201,2954888
Renosterveld;106;13 July 2015;0,408333333;Cyphia digitata;443;2;443.2;0.2978;Sp;1;132;100,7870583;79,63131712;56,65459385
Renosterveld;119;27 August 2015;0,430555556;Oxalis pes-caprae;1;1;0.9;0.3206;Gen;1;0;0;0;0
Renosterveld;119;27 August 2015;0,430555556;Pelargonium lobatum;120;2;120.2;0.328;Sp;1;39;29,77799449;23,5274346;16,73885727
Renosterveld;119;27 August 2015;0,430555556;Zero;0;1;0;0;Sp;1;0;0;0;0
Renosterveld;123;03 September 2015;0,582638889;Gladiolus teretifolius;1;1;2.3;NA;NA;NA;0;0;0;0
Renosterveld;123;03 September 2015;0,582638889;Satyrium longicolle;48;2;47.6;0.1544;Gen;1;7;5,344768242;4,222872877;3,00441028
Renosterveld;124;03 September 2015;0,358333333;Babiana ambigua;16;2;15.9;1.0744;Sp;1;17;12,98015145;10,25554842;7,296424966
Renosterveld;124;03 September 2015;0,358333333;Pelargonium rapaceum;16;1;31.8;0.3424;Sp;2;11;8,398921524;6,635943093;4,721216154
Renosterveld;124;03 September 2015;0,358333333;Satyrium longicolle;34;2;34.0;0.1544;Gen;1;5;3,817691602;3,01633777;2,146007343
Renosterveld;133;06 October 2015;0,394444444;Albuca juncifolia subsp juncifolia;27;1;54.4;NA;NA;NA;0;0;0;0
Renosterveld;133;06 October 2015;0,394444444;Babiana ambigua;46;2;45.4;1.0744;Sp;1;49;37,4133777;29,56011014;21,03087196
Renosterveld;133;06 October 2015;0,394444444;Eriospermum capense subsp capense;9;1;18.1;0.1849;Gen;1;3;2,290614961;1,809802662;1,287604406
Renosterveld;133;06 October 2015;0,394444444;Euphorbia ecklonii;48;1;95.3;NA;NA;NA;0;0;0;0
Renosterveld;133;06 October 2015;0,394444444;Satyrium longicolle;9;1;18.1;0.1544;Gen;1;3;2,290614961;1,809802662;1,287604406
Renosterveld;150;10 November 2015;0,511111111;Babiana ambigua;9;1;18.1;1.0744;Sp;1;19;14,50722809;11,46208352;8,154827903
Renosterveld;150;10 November 2015;0,511111111;Ledebouria revoluta;18;1;36.3;NA;NA;NA;0;0;0;0
Renosterveld;150;10 November 2015;0,511111111;Ornithogalum dubium;9;1;18.1;NA;NA;NA;0;0;0;0
Renosterveld;151;10 November 2015;0,560416667;Babiana ambigua;18;2;18.1;1.0744;Sp;1;19;14,50722809;11,46208352;8,154827903
Renosterveld;151;10 November 2015;0,560416667;Ledebouria revoluta;41;1;81.6;NA;NA;NA;0;0;0;0
Renosterveld;151;10 November 2015;0,560416667;Ornithogalum dubium;9;1;18.1;NA;NA;NA;0;0;0;0
Renosterveld;159;11 November 2015;0,639583333;Babiana ambigua;32;2;31.8;1.0744;Sp;1;34;25,96030289;20,51109683;14,59284993
Renosterveld;159;11 November 2015;0,639583333;Tritonia squalida;16;2;15.9;NA;NA;NA;0;0;0;0
Renosterveld;173;09 December 2015;0,469444444;Watsonia aletroides;59;2;59.0;0.5955;Gen;5;35;26,72384121;21,11436439;15,0220514
Renosterveld;176;09 December 2015;0,321527778;Babiana ambigua;18;1;36.3;1.0744;Sp;1;39;29,77799449;23,5274346;16,73885727
Renosterveld;176;09 December 2015;0,321527778;Muraltia spinosa;25;1;49.9;0.2666;Sp;1;13;9,925998164;7,842478201;5,579619091
Renosterveld;176;09 December 2015;0,321527778;Ornithogalum dubium;9;1;18.1;NA;NA;NA;0;0;0;0
Renosterveld;176;09 December 2015;0,321527778;Pelargonium carneum;16;1;31.8;0.4779;Gen;6;15;11,4530748;9,049013309;6,438022028
Renosterveld;177;09 December 2015;0,354166667;Microloma sagittatum;16;1;31.8;0.6006;Sp;1;19;14,50722809;11,46208352;8,154827903
Renosterveld;177;09 December 2015;0,354166667;Muraltia spinosa;14;1;27.2;0.2666;Sp;1;7;5,344768242;4,222872877;3,00441028
Renosterveld;177;09 December 2015;0,354166667;Ornithogalum dubium;5;1;9.1;NA;NA;NA;0;0;0;0
Renosterveld;177;09 December 2015;0,354166667;Pelargonium carneum;37;2;36.3;0.4779;Gen;6;17;12,98015145;10,25554842;7,296424966
Renosterveld;177;09 December 2015;0,354166667;Pelargonium triste;34;1;68.0;0.6182;Sp;3;42;32,06860945;25,33723726;18,02646168
Renosterveld;178;09 December 2015;0,404166667;Ornithogalum dubium;21;2;20.4;NA;NA;NA;0;0;0;0
Renosterveld;178;09 December 2015;0,404166667;Watsonia aletroides;21;1;40.8;0.5955;Gen;5;24;18,32491969;14,47842129;10,30083525
Renosterveld;195;19 January 2016;0,356944444;Carpobrotus acinaciformis;60;2;59.9;0.6408;Sp;1;38;29,01445617;22,92416705;16,30965581
Renosterveld;196;19 January 2016;0,379861111;Carpobrotus acinaciformis;105;2;104.4;0.6408;Sp;1;67;51,15706746;40,41892611;28,75649839
Renosterveld;202;21 January 2016;0,430555556;Zero;0;2;0;0;Sp;1;0;0;0;0
Renosterveld;207;21 January 2016;0,373611111;Zero;0;2;0;0;Sp;1;0;0;0;0
Renosterveld;212;22 February 2016;0,390277778;Grewia occidentalis;5;2;4.5;NA;NA;NA;0;0;0;0
Renosterveld;238;10 March 2016;0,482638889;Cyphia digitata;32;2;31.8;0.2978;Sp;1;9;6,871844883;5,429407985;3,862813217
Renosterveld;239;10 March 2016;0,522222222;Zero;0;2;0;0;Sp;1;0;0;0;0
Renosterveld;242;10 March 2016;0,388194444;Cyphia digitata;497;2;496.7;0.2978;Sp;1;148;113,0036714;89,28359798;63,52181735
Renosterveld;249;05 April 2016;0,423611111;Cyphia digitata;395;2;394.6;0.2978;Sp;1;118;90,0975218;71,18557136;50,64577329
Renosterveld;250;05 April 2016;0,451388889;Eriospermum paradoxum;628;2;628.2;0.1849;Gen;1;116;88,57044516;69,97903626;49,78737035
Renosterveld;251;05 April 2016;0,532638889;Cyphia digitata;25;1;49.9;0.2978;Sp;1;15;11,4530748;9,049013309;6,438022028
Renosterveld;251;05 April 2016;0,532638889;Zero;0;1;0;0;Sp;1;0;0;0;0
Renosterveld;252;05 April 2016;0,561111111;Cyphia digitata;80;2;79.4;0.2978;Sp;1;24;18,32491969;14,47842129;10,30083525
Renosterveld;282;12 May 2016;0,499305556;Babiana ambigua;16;2;15.9;1.0744;Sp;1;17;12,98015145;10,25554842;7,296424966
Renosterveld;282;12 May 2016;0,499305556;Cyphia digitata;12;1;22.7;0.2978;Sp;1;7;5,344768242;4,222872877;3,00441028
Renosterveld;286;12 May 2016;0,390277778;Cyphia digitata;540;2;539.8;0.2978;Sp;1;161;122,9296696;97,12607618;69,10143644
Renosterveld;286;12 May 2016;0,390277778;Pelargonium rapaceum;132;2;131.5;0.3424;Sp;2;45;34,35922441;27,14703993;19,31406609
Renosterveld;292;13 June 2016;0,464583333;Cyphia digitata;554;2;553.4;0.2978;Sp;1;165;125,9838229;99,5391464;70,81824231
Renosterveld;293;13 June 2016;0,489583333;Eriospermum paradoxum;1447;2;1447.0;0.1849;Gen;1;268;204,6282698;161,6757045;115,0259936
Renosterveld;294;13 June 2016;0,519444444;Freesia caryophyllacea;80;2;79.4;NA;NA;NA;0;0;0;0
Renosterveld;306;16 June 2016;0,472916667;Pelargonium rapaceum;148;2;147.4;0.3424;Sp;2;50;38,17691602;30,1633777;21,46007343
Renosterveld;314;11 July 2016;0,591666667;Cyphia digitata;152;2;152.0;0.2978;Sp;1;45;34,35922441;27,14703993;19,31406609
Renosterveld;315;11 July 2016;0,614583333;Eriospermum paradoxum;522;2;521.6;0.1849;Gen;1;96;73,29967875;57,91368518;41,20334098
Renosterveld;316;11 July 2016;0,645833333;Cyphia digitata;30;1;59.0;0.2978;Sp;1;18;13,74368977;10,85881597;7,725626434
Renosterveld;316;11 July 2016;0,645833333;Freesia caryophyllacea;76;2;75.5;NA;NA;NA;0;0;0;0
Renosterveld;329;14 July 2016;0,481944444;Zero;0;2;0;0;Sp;1;0;0;0;0
Renosterveld;330;14 July 2016;0,550694444;Pelargonium rapaceum;130;2;129.3;0.3424;Sp;2;44;33,59568609;26,54377237;18,88486462
Renosterveld;348;09 August 2016;0,411111111;Eriospermum paradoxum;143;2;142.9;0.1849;Gen;1;26;19,85199633;15,6849564;11,15923818
Renosterveld;348;09 August 2016;0,411111111;Tritonia squalida;109;2;108.9;NA;NA;NA;0;0;0;0
Renosterveld;349;10 August 2016;0,43125;Pelargonium rapaceum;490;2;489.9;0.3424;Sp;2;168;128,2744378;101,3489491;72,10584672
Renosterveld;350;10 August 2016;0,465972222;Freesia caryophyllacea;50;2;49.9;NA;NA;NA;0;0;0;0
Renosterveld;351;10 August 2016;0,5375;Cyphia digitata;14;1;27.2;0.2978;Sp;1;8;6,108306563;4,826140431;3,433611749
Renosterveld;351;10 August 2016;0,5375;Freesia caryophyllacea;5;1;9.1;NA;NA;NA;0;0;0;0
Renosterveld;351;10 August 2016;0,5375;Pelargonium pinnatum;127;2;127.0;0.4779;Gen;6;61;46,57583754;36,79932079;26,18128958
Renosterveld;352;10 August 2016;0,572916667;Cyphia digitata;82;1;163.3;0.2978;Sp;1;49;37,4133777;29,56011014;21,03087196
Renosterveld;352;10 August 2016;0,572916667;Eriospermum paradoxum;46;1;90.7;0.1849;Gen;1;17;12,98015145;10,25554842;7,296424966
Renosterveld;352;10 August 2016;0,572916667;Freesia caryophyllacea;46;2;45.4;NA;NA;NA;0;0;0;0
Renosterveld;366;12 August 2016;0,411111111;Cyphia digitata;59;2;59.0;0.2978;Sp;1;18;13,74368977;10,85881597;7,725626434
Renosterveld;367;31 August 2016;0,647222222;Babiana ambigua;32;2;31.8;1.0744;Sp;1;34;25,96030289;20,51109683;14,59284993
Renosterveld;373;02 September 2016;0,477777778;Freesia sp;23;2;22.7;NA;NA;NA;0;0;0;0
Renosterveld;373;02 September 2016;0,477777778;Schotia afra;27;1;54.4;0.2463;Sp;1;13;9,925998164;7,842478201;5,579619091
Renosterveld;377;03 September 2016;0,605555556;Eriospermum capense subspp capense;213;2;213.2;0.1849;Gen;1;39;29,77799449;23,5274346;16,73885727
Renosterveld;381;04 September 2016;0,470138889;Babiana ambigua;37;1;72.6;1.0744;Sp;1;78;59,55598899;47,05486921;33,47771455
Renosterveld;381;04 September 2016;0,470138889;Babiana sp;27;1;54.4;1.0239;Gen;3;56;42,75814594;33,78298302;24,03528224
Renosterveld;381;04 September 2016;0,470138889;Satyrium longicolle;50;1;99.8;0.1544;Gen;1;15;11,4530748;9,049013309;6,438022028
Renosterveld;384;04 September 2016;0,51875;Satyrium sp;46;1;90.7;0.1544;Gen;1;14;10,68953648;8,445745755;6,00882056
Renosterveld;398;18 October 2016;0,618055556;Zero;0;1;0;0;Sp;1;0;0;0;0
Renosterveld;399;18 October 2016;0,397222222;Cyphia digitata;300;1;598.7;0.2978;Sp;1;178;135,909821;107,3816246;76,3978614
Renosterveld;401;19 October 2016;0,521527778;Freesia alba;139;2;138.5;NA;NA;NA;0;0;0;0
Renosterveld;401;19 October 2016;0,521527778;Freesia caryophyllacea;50;1;99.8;NA;NA;NA;0;0;0;0
Renosterveld;422;11 November 2016;0,426388889;Albuca fragrans;50;2;49.9;NA;NA;NA;0;0;0;0
Renosterveld;423;11 November 2016;0,458333333;Babiana ambigua;35;2;34.3;1.0744;Sp;1;37;28,25091785;22,3208995;15,88045434
Renosterveld;425;11 November 2016;0,504861111;Freesia sp;145;2;145.1;NA;NA;NA;0;0;0;0
Renosterveld;440;06 December 2016;0,392361111;Satyrium carneum;295;2;294.8;0.1544;Gen;1;46;35,12276274;27,75030748;19,74326755
Renosterveld;441;07 December 2016;0,430555556;Babiana patula;27;1;54.4;1.0239;Gen;3;56;42,75814594;33,78298302;24,03528224
Renosterveld;441;07 December 2016;0,430555556;Freesia alba;96;2;95.3;NA;NA;NA;0;0;0;0
Renosterveld;441;07 December 2016;0,430555556;Pelargonium rapaceum;46;1;90.7;0.3424;Sp;2;31;23,66968793;18,70129417;13,30524553
Renosterveld;446;07 December 2016;0,397222222;Babiana patula;55;2;54.4;1.0239;Gen;3;56;42,75814594;33,78298302;24,03528224
Floodplain woodland;8;14 December 2014;0,475;Vachellia karroo;9;2;9.1;0.4480;Sp;1;4;3,054153281;2,413070216;1,716805874
Floodplain woodland;21;19 January 2015;0,651388889;Typha capensis;1633;3;1088.6;0.0462;Sp;1;50;38,17691602;30,1633777;21,46007343
Floodplain woodland;22;19 January 2015;0,652083333;Typha capensis;1237;2;1236.9;0.0462;Sp;1;57;43,52168426;34,38625057;24,46448371
Floodplain woodland;29;12 February 2015;0,388888889;Carpobrotus acinaciformis;4;2;3.4;0.6408;Sp;1;2;1,527076641;1,206535108;0,858402937
Floodplain woodland;29;12 February 2015;0,388888889;Carpobrotus edulis;33;2;33.0;0.2555;Sp;1;8;6,108306563;4,826140431;3,433611749
Floodplain woodland;30;13 February 2015;0,417361111;Zero;0;1;0;0;Sp;1;0;0;0;0
Floodplain woodland;31;13 February 2015;0,48125;Vachellia karroo;232;2;231.3;0.4480;Sp;1;104;79,40798531;62,73982561;44,63695273
Floodplain woodland;37;04 March 2015;0,558333333;Typha capensis;241;2;240.4;0.0462;Sp;1;11;8,398921524;6,635943093;4,721216154
Floodplain woodland;39;04 March 2015;0,575;Cynanchum obtusifolium;6;1;10.9;0.7343;Sp;1;8;6,108306563;4,826140431;3,433611749
Floodplain woodland;39;04 March 2015;0,575;Vachellia karroo;12;2;12.2;0.4480;Sp;1;5;3,817691602;3,01633777;2,146007343
Floodplain woodland;41;25 March 2015;0,559027778;Crassula cultrata;0;1;0;NA;NA;NA;0;0;0;0
Floodplain woodland;41;25 March 2015;0,559027778;Grewia occidentalis;6;1;10.9;NA;NA;NA;0;0;0;0
Floodplain woodland;41;25 March 2015;0,559027778;Vachellia karroo;32;2;32.2;0.4480;Sp;1;14;10,68953648;8,445745755;6,00882056
Floodplain woodland;41;25 March 2015;0,559027778;Viscum rotundifolium;36;1;70.8;NA;NA;NA;0;0;0;0
Floodplain woodland;44;26 March 2015;0,430555556;Vachellia karroo;533;2;532.5;0.4480;Sp;1;239;182,4856586;144,1809454;102,579151
Floodplain woodland;45;26 March 2015;0,4625;Vachellia karroo;354;2;353.6;0.4480;Sp;1;158;120,6390546;95,31627352;67,81383203
Floodplain woodland;63;08 June 2015;0,473611111;Zero;0;2;0;0;Sp;1;0;0;0;0
Floodplain woodland;64;08 June 2015;0,501388889;Zero;0;2;0;0;Sp;1;0;0;0;0
Floodplain woodland;66;08 June 2015;0,375;Zero;0;2;0;0;Sp;1;0;0;0;0
Floodplain woodland;67;08 June 2015;0,397222222;Zero;0;2;0;0;Sp;1;0;0;0;0
Floodplain woodland;86;08 July 2015;0,420833333;Cynanchum obtusifolium;469;2;469.0;0.7343;Sp;1;344;262,6571822;207,5240385;147,6453052
Floodplain woodland;87;08 July 2015;0,445138889;Oxalis pes-caprae;186;2;185.5;0.3206;Gen;1;59;45,0487609;35,59278568;25,32288665
Floodplain woodland;93;10 July 2015;0,665277778;Oxalis pes-caprae;101;2;100.7;0.3206;Gen;1;32;24,43322625;19,30456173;13,73444699
Floodplain woodland;94;10 July 2015;0,665972222;Oxalis pes-caprae;135;2;134.3;0.3206;Gen;1;43;32,83214777;25,94050482;18,45566315
Floodplain woodland;95;10 July 2015;0,666666667;Oxalis pes-caprae;102;2;102.1;0.3206;Gen;1;33;25,19676457;19,90782928;14,16364846
Floodplain woodland;154;11 November 2015;0,434027778;Cynanchum obtusifolium;12;2;12.2;0.7343;Sp;1;9;6,871844883;5,429407985;3,862813217
Floodplain woodland;155;11 November 2015;0,469444444;Cynanchum obtusifolium;28;2;28.1;0.7343;Sp;1;21;16,03430473;12,66861863;9,01323084
Floodplain woodland;179;10 December 2015;0,438888889;Vachellia karroo;18;2;18.1;0.4480;Sp;1;8;6,108306563;4,826140431;3,433611749
Floodplain woodland;183;10 December 2015;0,400694444;Vachellia karroo;39;2;38.6;0.4480;Sp;1;17;12,98015145;10,25554842;7,296424966
Floodplain woodland;205;21 January 2016;0,565972222;Vachellia karroo;23;2;22.7;0.4480;Sp;1;10;7,635383203;6,032675539;4,292014686
Floodplain woodland;213;23 February 2016;0,429166667;Vachellia karroo;222;2;222.0;0.448;Sp;1;99;75,59029371;59,72348784;42,49094539
Floodplain woodland;218;24 February 2016;0,428472222;Cyperus esculentus;111;2;111.2;0.4122;Gen;1;46;35,12276274;27,75030748;19,74326755
Floodplain woodland;221;24 February 2016;0,342361111;Cynanchum obtusifolium;12;1;22.7;0.7343;Sp;1;17;12,98015145;10,25554842;7,296424966
Floodplain woodland;221;24 February 2016;0,342361111;Grewia occidentalis;2;1;2.7;NA;NA;NA;0;0;0;0
Floodplain woodland;221;24 February 2016;0,342361111;Sideroxylon inerme;86;2;86.2;0.9953;Sp;1;86;65,66429555;51,88100964;36,9113263
Floodplain woodland;221;24 February 2016;0,342361111;Vachellia karroo;125;2;125.2;0.4480;Sp;1;56;42,75814594;33,78298302;24,03528224
Floodplain woodland;222;24 February 2016;0,394444444;Cynanchum obtusifolium;25;2;24.4;0.7343;Sp;1;18;13,74368977;10,85881597;7,725626434
Floodplain woodland;222;24 February 2016;0,394444444;Osyris compressa;7;1;13.6;NA;NA;NA;0;0;0;0
Floodplain woodland;243;12 March 2016;0,471527778;Vachellia karroo;252;2;251.5;0.4480;Sp;1;113;86,2798302;68,16923359;48,49976595
Floodplain woodland;254;06 April 2016;0,44375;Cynanchum obtusifolium;549;2;548.8;0.7343;Sp;1;403;307,7059431;243,1168242;172,9681918
Floodplain woodland;254;06 April 2016;0,44375;Vachellia karroo;181;2;181.0;0.448;Sp;1;81;61,84660395;48,86467187;34,76531895
Floodplain woodland;255;06 April 2016;0,526388889;Typha capensis;1307;4;653.2;0.0462;Sp;1;30;22,90614961;18,09802662;12,87604406
Floodplain woodland;262;07 April 2016;0,645833333;Sarcocornia sp;2023;2;2023.0;0.1203;Sp;1;243;185,5398118;146,5940156;104,2959569
Floodplain woodland;276;10 May 2016;0,691666667;Oxalis pes-caprae;250;4;124.7;0.3206;Gen;1;40;30,54153281;24,13070216;17,16805874
Floodplain woodland;279;11 May 2016;0,554861111;Conicosia pugioniformis;678;2;678.1;0.1558;Sp;1;106;80,93506196;63,94636072;45,49535567
Floodplain woodland;279;11 May 2016;0,554861111;Cyperus esculentus;261;2;260.8;0.4122;Gen;1;108;82,4621386;65,15289582;46,3537586
Floodplain woodland;283;12 May 2016;0,568055556;Typha capensis;771;2;771.1;0.0462;Sp;1;36;27,48737953;21,71763194;15,45125287
Floodplain woodland;285;12 May 2016;0,664583333;Zero;0;2;0;0;Sp;1;0;0;0;0
Floodplain woodland;295;13 June 2016;0,629861111;Conicosia pugioniformis;1495;2;1494.6;0.1558;Sp;1;233;177,9044286;140,5613401;100,0039422
Floodplain woodland;309;16 June 2016;0,645833333;Oxalis pes-caprae;114;2;113.4;0.3206;Gen;1;36;27,48737953;21,71763194;15,45125287
Floodplain woodland;313;11 July 2016;0,505555556;Sarcocornia sp;594;2;594.2;0.1203;Sp;1;71;54,21122074;42,83199633;30,47330427
Floodplain woodland;324;13 July 2016;0,503472222;Conicosia pugioniformis;844;2;843.7;0.1558;Sp;1;131;100,02352;79,02804956;56,22539238
Floodplain woodland;324;13 July 2016;0,503472222;Cyperus esculentus;34;2;34.0;0.4122;Gen;1;14;10,68953648;8,445745755;6,00882056
Floodplain woodland;324;13 July 2016;0,503472222;Oxalis pes-caprae;123;2;122.5;0.3206;Gen;1;39;29,77799449;23,5274346;16,73885727
Floodplain woodland;358;11 August 2016;0,554166667;Conicosia pugioniformis;232;2;231.3;0.1558;Sp;1;36;27,48737953;21,71763194;15,45125287
Floodplain woodland;358;11 August 2016;0,554166667;Trachyandra ciliata;458;2;458.1;0.2181;Sp;1;100;76,35383203;60,32675539;42,92014686
Floodplain woodland;360;11 August 2016;0,392361111;Sarcocornia capensis;1343;2;1342.6;0.1203;Gen;1;162;123,6932079;97,72934374;69,53063791
Floodplain woodland;379;03 September 2016;0,708333333;Tetragonia decumbens;2472;2;2472.1;0.0830;Sp;1;205;156,5253557;123,6698486;87,98630106
Floodplain woodland;379;03 September 2016;0,708333333;Trachyandra ciliata;195;2;195.0;0.2181;Sp;1;43;32,83214777;25,94050482;18,45566315
Floodplain woodland;394;17 October 2016;0,4125;Typha capensis;3321;2;3320.3;0.0462;Sp;1;153;116,821363;92,29993575;65,66782469
Floodplain woodland;397;18 October 2016;0,546527778;Lycium ferocissimum;18;1;36.3;NA;NA;NA;0;0;0;0
Floodplain woodland;397;18 October 2016;0,546527778;Microloma sp;90;2;89.8;0.6006;Gen;1;54;41,2310693;32,57644791;23,1768793
Floodplain woodland;397;18 October 2016;0,546527778;Pelargonium rapaceum;32;1;63.5;0.3424;Sp;2;22;16,79784305;13,27188619;9,442432308
Floodplain woodland;408;20 October 2016;0,375;Conicosia pugioniformis;1157;2;1156.7;0.1558;Sp;1;180;137,4368977;108,5881597;77,25626434
Floodplain woodland;408;20 October 2016;0,375;Cynanchum obtusifolium;13;1;24.7;0.7343;Sp;1;18;13,74368977;10,85881597;7,725626434
Floodplain woodland;408;20 October 2016;0,375;Cyperus esculentus;245;2;244.9;0.4122;Gen;1;101;77,11737035;60,93002295;43,34934832
Floodplain woodland;408;20 October 2016;0,375;Muraltia spinosa;64;2;63.5;0.2666;Sp;1;17;12,98015145;10,25554842;7,296424966
Floodplain woodland;408;20 October 2016;0,375;Osyris compressa;32;1;63.5;NA;NA;NA;0;0;0;0
Floodplain woodland;437;06 December 2016;0,570833333;Sarcocornia sp;567;2;567.0;0.1203;Sp;1;68;51,92060578;41,02219367;29,18569986
Floodplain woodland;450;08 December 2016;0,375694444;Conicosia pugioniformis;2690;2;2689.8;0.1558;Sp;1;419;319,9225562;252,7691051;179,8354153
Riparian;17;19 January 2015;0,450694444;Prionium serratum;2021;3;1347.1;0.1700;Sp;2;229;174,8502754;138,1482698;98,2871363
Riparian;18;19 January 2015;0,451388889;Prionium serratum;2263;2;2263.2;0.1700;Sp;2;385;293,9622533;232,2580083;165,2425654
Riparian;23;19 January 2015;0,386805556;Prionium serratum;2073;3;1382;0.1700;Sp;2;235;179,4315053;141,7678752;100,8623451
Riparian;24;19 January 2015;0,3875;Prionium serratum;1686;2;1685.8;0.1700;Sp;2;287;219,1354979;173,137788;123,1808215
Riparian;36;04 March 2015;0,538194444;Zero;0;2;0;0;Sp;1;0;0;0;0
Riparian;38;04 March 2015;0,5625;Zero;0;2;0;0;Sp;1;0;0;0;0
Riparian;40;25 March 2015;0,472916667;Prionium serratum;1042;2;1041.9;0.1700;Sp;2;177;135,1462827;106,778357;75,96865994
Riparian;42;25 March 2015;0,352777778;Prionium serratum;1739;2;1738.3;0.1700;Sp;2;295;225,2438045;177,9639284;126,6144332
Riparian;43;25 March 2015;0,396527778;Prionium serratum;2092;2;2092.0;0.1700;Sp;2;356;271,819642;214,7632492;152,7957228
Riparian;49;13 May 2015;0,461111111;Cyperus thunbergii;513;2;513.0;0.4122;Gen;1;211;161,1065856;127,2894539;90,56150987
Riparian;75;10 June 2015;0,563888889;Prionium serratum;746;2;746.2;0.1700;Sp;2;127;96,96936668;76,61497935;54,50858651
Riparian;76;10 June 2015;0,585416667;Prionium serratum;563;2;562.5;0.1700;Sp;2;96;73,29967875;57,91368518;41,20334098
Riparian;85;20 June 2015;0,578472222;Prionium serratum;1019;2;1018.3;0.1700;Sp;2;173;132,0921294;104,3652868;74,25185406
Riparian;91;10 July 2015;0,613194444;Prionium serratum;185;2;184.6;0.1700;Sp;2;31;23,66968793;18,70129417;13,30524553
Riparian;92;10 July 2015;0,613888889;Prionium serratum;1953;2;1952.7;0.1700;Sp;2;332;253,4947223;200,2848279;142,4948876
Riparian;174;09 December 2015;0,545138889;Prionium serratum;910;3;606.3;0.1700;Sp;2;103;78,64444699;62,13655805;44,20775126
Riparian;175;09 December 2015;0,545833333;Prionium serratum;259;2;258.5;0.1700;Sp;2;44;33,59568609;26,54377237;18,88486462
Riparian;228;26 February 2016;0,422222222;Typha capensis;1989;2;1989.0;0.0462;Sp;1;92;70,24552547;55,50061496;39,48653511
Riparian;229;26 February 2016;0,489583333;Prionium serratum;1232;2;1231.5;0.1700;Sp;2;209;159,5795089;126,0829188;89,70310693
Riparian;266;08 April 2016;0,543055556;Prionium serratum;453;2;453.1;0.1700;Sp;2;77;58,79245067;46,45160165;33,04851308
Riparian;307;16 June 2016;0,543055556;Prionium serratum;1023;2;1022.9;0.1700;Sp;2;174;132,8556677;104,9685544;74,68105553
Riparian;309;16 June 2016;0,645833333;Prionium serratum;404;2;403.7;0.1700;Sp;2;69;52,6841441;41,62546122;29,61490133
Riparian;326;13 July 2016;0,597916667;Typha capensis;2064;2;2063.8;0.0462;Sp;1;95;72,53614043;57,31041762;40,77413951
Riparian;327;13 July 2016;0,638194444;Typha capensis;597;2;596.5;0.0462;Sp;1;28;21,37907297;16,89149151;12,01764112
Riparian;328;14 July 2016;0,460416667;Zero;0;2;0;0;Sp;1;0;0;0;0
Riparian;331;14 July 2016;0,616666667;Prionium serratum;520;2;519.4;0.1700;Sp;2;88;67,19137219;53,08754475;37,76972923
Riparian;332;14 July 2016;0,617361111;Prionium serratum;1100;2;1100.0;0.1700;Sp;2;187;142,7816659;112,8110326;80,26067462
Riparian;344;09 August 2016;0,518055556;Typha capensis;2504;2;2503.8;0.0462;Sp;1;116;88,57044516;69,97903626;49,78737035
Riparian;353;10 August 2016;0,678472222;Prionium serratum;1438;2;1437.9;0.1700;Sp;2;244;186,3033502;147,1972832;104,7251583
Riparian;359;11 August 2016;0,608333333;Typha capensis;957;2;957.1;0.0462;Sp;1;44;33,59568609;26,54377237;18,88486462
Riparian;361;12 August 2016;0,452777778;Typha capensis;4509;2;4508.7;0.0462;Sp;1;208;158,8159706;125,4796512;89,27390546
Riparian;378;03 September 2016;0,6875;Typha capensis;2799;2;2798.7;0.0462;Sp;1;129;98,49644332;77,82151446;55,36698944
Riparian;385;04 September 2016;0,59375;Prionium serratum;0;2;0;0.1700;Sp;2;0;0;0;0
Riparian;402;19 October 2016;0,650694444;Cyperus textilis;259;2;258.5;0.4122;Gen;1;107;81,69860028;64,54962827;45,92455714
Riparian;407;20 October 2016;0,548611111;Typha capensis;3107;2;3107.1;0.0462;Sp;1;144;109,9495181;86,87052777;61,80501147
Riparian;411;09 November 2016;0,507638889;Trachyandra ciliata;835;2;834.6;0.2181;Sp;1;182;138,9639743;109,7946948;78,11466728
Riparian;411;09 November 2016;0,507638889;Typha capensis;799;2;798.3;0.0462;Sp;1;37;28,25091785;22,3208995;15,88045434
Riparian;424;11 November 2016;0,5;Typha capensis;572;2;571.5;0.0462;Sp;1;26;19,85199633;15,6849564;11,15923818
Riparian;428;11 November 2016;0,382638889;Cyperus textilis;705;2;705.1;0.4122;Gen;1;291;222,1896512;175,5508582;124,8976274
Riparian;428;11 November 2016;0,382638889;Prionium serratum;218;2;217.3;0.1700;Sp;2;37;28,25091785;22,3208995;15,88045434
Riparian;438;06 December 2016;0,597222222;Typha capensis;3366;2;3365.7;0.0462;Sp;1;155;118,3484397;93,50647086;66,52622763
Riparian;442;07 December 2016;0,481944444;Cyperus textilis;262;2;261.3;0.4122;Gen;1;108;82,4621386;65,15289582;46,3537586
Riparian;443;07 December 2016;0,525;Prionium serratum;1066;2;1065.9;0.1700;Sp;2;181;138,200436;109,1914273;77,68546581
Riparian;447;08 December 2016;0,464583333;Typha capensis;1524;2;1524.1;0.0462;Sp;1;70;53,44768242;42,22872877;30,0441028
